record_level,allele,system,mhc_class,model,predictor,n_residues,plddt_mean,plddt_median,plddt_min,pct_ge_70,pct_ge_90,groove_plddt_mean,groove_n,rest_plddt_mean,rest_n,unmapped_plddt_mean,unmapped_n,reference_pdb,reference_chain,reference_description,omitted_from_model,rmsd_ce,groove_rmsd,groove_n_aligned,rest_rmsd,rest_n_aligned,n_aligned,n_model,n_reference,n_mapped,n_unmapped,coverage_model,coverage_reference,mapped_plddt_mean
individual model,A*02:01,HLA,class1,HLA_A02_A_02_01_unrelaxed_rank_001_alphafold2_ptm_model_1_seed_000.pdb,"ColabFold (AlphaFold2, monomer)",308,92.1,95.9,39.5,95.1,82.1,95.4,180,94.3,93,69.7,35,1HHK,A,HLA-A*02:01 with beta-2-microglobulin and the HTLV-1 Tax nonamer,beta-2-microglobulin (chain B) and peptide (chain C),1.028,0.717,176,0.699,88,272,308,275,273,35,0.886,0.993,95.0
individual model,A*03:01,HLA,class1,HLA_A03_A_03_01_unrelaxed_rank_001_alphafold2_ptm_model_1_seed_000.pdb,"ColabFold (AlphaFold2, monomer)",308,91.7,95.8,35.1,94.2,81.2,95.5,180,93.7,93,66.4,35,1HHK,A,HLA-A*02:01 with beta-2-microglobulin and the HTLV-1 Tax nonamer,beta-2-microglobulin (chain B) and peptide (chain C),1.221,0.795,176,0.477,88,272,308,275,273,35,0.886,0.993,94.9
individual model,B*08:01,HLA,class1,HLA_B08_B_08_01_unrelaxed_rank_001_alphafold2_ptm_model_1_seed_000.pdb,"ColabFold (AlphaFold2, monomer)",306,91.7,95.8,39.7,94.1,82.0,95.1,180,94.3,93,65.9,33,1HHK,A,HLA-A*02:01 with beta-2-microglobulin and the HTLV-1 Tax nonamer,beta-2-microglobulin (chain B) and peptide (chain C),1.079,0.838,176,0.502,88,272,306,275,273,33,0.892,0.993,94.9
individual model,B*15:01,HLA,class1,HLA_B15_B_15_01_unrelaxed_rank_001_alphafold2_ptm_model_1_seed_000.pdb,"ColabFold (AlphaFold2, monomer)",307,92.6,96.2,40.6,95.8,83.1,95.6,180,94.6,93,71.6,34,1HHK,A,HLA-A*02:01 with beta-2-microglobulin and the HTLV-1 Tax nonamer,beta-2-microglobulin (chain B) and peptide (chain C),1.106,0.807,176,0.484,88,272,307,275,273,34,0.889,0.993,95.3
individual model,B*57:01,HLA,class1,HLA_B57_B_57_01_unrelaxed_rank_001_alphafold2_ptm_model_1_seed_000.pdb,"ColabFold (AlphaFold2, monomer)",307,92.7,96.2,39.7,95.8,83.4,95.3,180,95.0,93,72.6,34,1HHK,A,HLA-A*02:01 with beta-2-microglobulin and the HTLV-1 Tax nonamer,beta-2-microglobulin (chain B) and peptide (chain C),1.202,0.809,176,0.491,88,272,307,275,273,34,0.889,0.993,95.2
individual model,C*07:02,HLA,class1,HLA_C07_C_07_02_unrelaxed_rank_001_alphafold2_ptm_model_1_seed_000.pdb,"ColabFold (AlphaFold2, monomer)",307,92.2,95.6,37.6,95.1,81.8,95.4,180,93.5,93,71.1,34,1HHK,A,HLA-A*02:01 with beta-2-microglobulin and the HTLV-1 Tax nonamer,beta-2-microglobulin (chain B) and peptide (chain C),1.264,0.846,176,0.567,88,272,307,275,273,34,0.889,0.993,94.8
individual model,DQB1*02:02,HLA,class2,HLA_DQB102_DQB1_02_02_unrelaxed_rank_001_alphafold2_ptm_model_1_seed_000.pdb,"ColabFold (AlphaFold2, monomer)",215,91.0,95.6,47.2,92.1,76.3,95.0,87,94.4,88,75.0,40,1S9V,B,HLA-DQ2 (DQA1*05:01 / DQB1*02:01) with an alpha-I gliadin peptide,the DQ alpha chain (chain A) and peptide (chain C),2.244,0.899,80,0.619,88,168,215,181,175,40,0.814,0.967,94.7
individual model,DRB1*01:02,HLA,class2,HLA_DRB101_DRB1_01_02_unrelaxed_rank_001_alphafold2_ptm_model_1_seed_000.pdb,"ColabFold (AlphaFold2, monomer)",215,92.3,96.2,56.3,94.0,80.9,95.9,87,92.5,95,82.4,33,1AQD,B,HLA-DR1 (DRA*01:01 / DRB1*01:01) with a bound peptide,the DR alpha chain (chain A) and peptide (chain C),1.64,0.509,80,0.779,88,176,215,187,182,33,0.847,0.973,94.1
individual model,DRB1*11:04,HLA,class2,HLA_DRB111_DRB1_11_04_unrelaxed_rank_001_alphafold2_ptm_model_1_seed_000.pdb,"ColabFold (AlphaFold2, monomer)",215,92.1,95.5,58.5,94.4,80.5,95.5,82,92.5,95,84.0,38,1AQD,B,HLA-DR1 (DRA*01:01 / DRB1*01:01) with a bound peptide,the DR alpha chain (chain A) and peptide (chain C),2.123,0.889,80,0.703,88,176,215,187,177,38,0.823,0.947,93.9
individual model,SLA-1*01:01,SLA,class1,SLA_B15_SLA-1_01_01_unrelaxed_rank_001_alphafold2_ptm_model_1_seed_000.pdb,"ColabFold (AlphaFold2, monomer)",304,92.2,95.9,54.8,94.1,81.2,95.5,180,93.1,93,70.4,31,1HHK,A,HLA-A*02:01 with beta-2-microglobulin and the HTLV-1 Tax nonamer,beta-2-microglobulin (chain B) and peptide (chain C),1.389,0.68,176,0.862,88,272,304,275,273,31,0.898,0.993,94.7
individual model,SLA-1*02:01,SLA,class1,SLA_A02_SLA-1_02_01_unrelaxed_rank_001_alphafold2_ptm_model_1_seed_000.pdb,"ColabFold (AlphaFold2, monomer)",305,91.6,95.8,42.8,94.1,81.3,95.2,180,93.1,93,67.5,32,1HHK,A,HLA-A*02:01 with beta-2-microglobulin and the HTLV-1 Tax nonamer,beta-2-microglobulin (chain B) and peptide (chain C),1.279,0.668,176,0.813,88,272,305,275,273,32,0.895,0.993,94.5
individual model,SLA-1*08:01,SLA,class1,SLA_B15_SLA-1_08_01_unrelaxed_rank_001_alphafold2_ptm_model_1_seed_000.pdb,"ColabFold (AlphaFold2, monomer)",304,92.6,96.3,52.0,95.4,82.6,96.3,180,93.1,93,69.8,31,1HHK,A,HLA-A*02:01 with beta-2-microglobulin and the HTLV-1 Tax nonamer,beta-2-microglobulin (chain B) and peptide (chain C),1.478,0.728,176,0.857,88,272,304,275,273,31,0.898,0.993,95.2
individual model,SLA-1*10:01,SLA,class1,SLA_A03_SLA-1_10_01_unrelaxed_rank_001_alphafold2_ptm_model_1_seed_000.pdb,"ColabFold (AlphaFold2, monomer)",305,93.3,96.1,61.0,96.7,81.6,95.9,180,93.1,93,79.2,32,1HHK,A,HLA-A*02:01 with beta-2-microglobulin and the HTLV-1 Tax nonamer,beta-2-microglobulin (chain B) and peptide (chain C),1.49,0.631,176,0.847,88,272,305,275,273,32,0.895,0.993,94.9
individual model,SLA-1*12:01,SLA,class1,SLA_B57_SLA-1_12_01_unrelaxed_rank_001_alphafold2_ptm_model_1_seed_000.pdb,"ColabFold (AlphaFold2, monomer)",304,92.2,96.0,49.8,94.1,81.9,96.0,180,92.9,93,68.4,31,1HHK,A,HLA-A*02:01 with beta-2-microglobulin and the HTLV-1 Tax nonamer,beta-2-microglobulin (chain B) and peptide (chain C),1.333,0.66,176,0.819,88,272,304,275,273,31,0.898,0.993,94.9
individual model,SLA-2*01:01,SLA,class1,SLA_B57_SLA-2_01_01_unrelaxed_rank_001_alphafold2_ptm_model_1_seed_000.pdb,"ColabFold (AlphaFold2, monomer)",304,92.5,96.2,52.0,93.8,82.6,95.9,180,93.3,93,69.9,31,1HHK,A,HLA-A*02:01 with beta-2-microglobulin and the HTLV-1 Tax nonamer,beta-2-microglobulin (chain B) and peptide (chain C),1.352,0.579,176,0.838,88,272,304,275,273,31,0.898,0.993,95.0
individual model,SLA-2*01:02,SLA,class1,SLA_A03_SLA-2_01_02_unrelaxed_rank_001_alphafold2_ptm_model_1_seed_000.pdb,"ColabFold (AlphaFold2, monomer)",305,93.1,95.9,62.5,97.0,81.6,95.6,180,93.0,93,79.3,32,1HHK,A,HLA-A*02:01 with beta-2-microglobulin and the HTLV-1 Tax nonamer,beta-2-microglobulin (chain B) and peptide (chain C),1.429,0.684,176,0.848,88,272,305,275,273,32,0.895,0.993,94.7
individual model,SLA-3*01:01,SLA,class1,SLA_B08_SLA-3_01_01_unrelaxed_rank_001_alphafold2_ptm_model_1_seed_000.pdb,"ColabFold (AlphaFold2, monomer)",304,91.6,95.7,52.0,93.1,79.6,95.1,180,93.1,93,66.7,31,1HHK,A,HLA-A*02:01 with beta-2-microglobulin and the HTLV-1 Tax nonamer,beta-2-microglobulin (chain B) and peptide (chain C),1.582,0.749,176,0.833,88,272,304,275,273,31,0.898,0.993,94.4
individual model,SLA-3*04:02,SLA,class1,SLA_C07_SLA-3_04_02_unrelaxed_rank_001_alphafold2_ptm_model_1_seed_000.pdb,"ColabFold (AlphaFold2, monomer)",302,90.8,95.2,36.8,92.7,79.8,94.0,179,93.4,93,64.0,30,1HHK,A,HLA-A*02:01 with beta-2-microglobulin and the HTLV-1 Tax nonamer,beta-2-microglobulin (chain B) and peptide (chain C),1.686,0.912,176,0.832,88,272,302,275,272,30,0.901,0.989,93.8
individual model,SLA-3*06:01,SLA,class1,SLA_C07_SLA-3_06_01_unrelaxed_rank_001_alphafold2_ptm_model_1_seed_000.pdb,"ColabFold (AlphaFold2, monomer)",303,91.3,95.6,44.8,92.7,79.5,94.9,180,93.0,93,64.5,30,1HHK,A,HLA-A*02:01 with beta-2-microglobulin and the HTLV-1 Tax nonamer,beta-2-microglobulin (chain B) and peptide (chain C),1.591,0.75,176,0.867,88,272,303,275,273,30,0.901,0.993,94.2
individual model,SLA-DQB1*02:02,SLA,class2,SLA_DQB102_SLA-DQB1_02_02_unrelaxed_rank_001_alphafold2_ptm_model_1_seed_000.pdb,"ColabFold (AlphaFold2, monomer)",215,90.5,95.8,46.0,91.6,76.3,95.8,87,92.9,88,73.9,40,1S9V,B,HLA-DQ2 (DQA1*05:01 / DQB1*02:01) with an alpha-I gliadin peptide,the DQ alpha chain (chain A) and peptide (chain C),2.03,0.882,80,0.642,88,168,215,181,175,40,0.814,0.967,94.3
individual model,SLA-DRB1*01:01,SLA,class2,SLA_DRB101_SLA-DRB1_01_01_unrelaxed_rank_001_alphafold2_ptm_model_1_seed_000.pdb,"ColabFold (AlphaFold2, monomer)",215,91.5,95.7,55.1,94.0,74.4,94.8,85,92.7,95,80.0,35,1AQD,B,HLA-DR1 (DRA*01:01 / DRB1*01:01) with a bound peptide,the DR alpha chain (chain A) and peptide (chain C),2.637,0.665,80,0.68,88,176,215,187,180,35,0.837,0.963,93.7
individual model,SLA-DRB1*04:02,SLA,class2,SLA_DRB111_SLA-DRB1_04_02_unrelaxed_rank_001_alphafold2_ptm_model_1_seed_000.pdb,"ColabFold (AlphaFold2, monomer)",215,91.9,95.8,56.8,93.5,78.1,95.6,84,92.6,95,81.7,36,1AQD,B,HLA-DR1 (DRA*01:01 / DRB1*01:01) with a bound peptide,the DR alpha chain (chain A) and peptide (chain C),2.312,0.777,80,0.641,88,176,215,187,179,36,0.833,0.957,94.0
individual model,SLA-DRB1*08:01,SLA,class2,SLA_DRB101_SLA-DRB1_08_01_unrelaxed_rank_001_alphafold2_ptm_model_1_seed_000.pdb,"ColabFold (AlphaFold2, monomer)",215,91.5,95.6,53.4,92.1,76.3,95.4,87,91.7,95,80.3,33,1AQD,B,HLA-DR1 (DRA*01:01 / DRB1*01:01) with a bound peptide,the DR alpha chain (chain A) and peptide (chain C),3.207,0.669,80,1.048,88,168,215,187,182,33,0.847,0.973,93.5
