analysis,allele,sla_locus,ensemble_top_locus,seeds_voting_ensemble_top_locus,seeds_voting_ensemble_top_subgroup,top_locus_probability_sd_across_seeds,top_locus_probability_min_across_seeds,top_locus_probability_max_across_seeds,all_seeds_agree_locus,at_least_4_of_5_agree_locus,at_most_2_of_5_agree_locus,per_seed_locus,per_seed_subgroup
class1,SLA-1*01:01,SLA-1,C,3,1,0.357772,0.023456,0.761734,False,False,False,B;A;C;C;C,B40;A24;C08;C08;C03
class1,SLA-1*01:02,SLA-1,C,1,1,0.210795,0.068988,0.637692,False,False,True,B;A;C;B;A,B40;A24;A68;B07;A02
class1,SLA-1*01:03,SLA-1,C,1,1,0.210909,0.070421,0.637806,False,False,True,B;A;C;B;A,B40;A24;A68;B07;A02
class1,SLA-1*02:01,SLA-1,A,3,1,0.371759,0.094797,0.954998,False,False,False,B;A;A;C;A,B40;A02;A29;C03;A03
class1,SLA-1*02:02,SLA-1,A,3,1,0.367277,0.110282,0.970574,False,False,False,B;A;A;C;A,B40;A02;A29;C03;A03
class1,SLA-1*02:03,SLA-1,A,3,1,0.364181,0.114937,0.97007,False,False,False,B;A;A;C;A,B40;A02;A29;C03;A03
class1,SLA-1*04:01:01,SLA-1,B,2,1,0.348699,0.070095,0.803827,False,False,True,B;A;B;C;A,B40;A29;B15;C15;A03
class1,SLA-1*04:03,SLA-1,A,3,2,0.262661,0.177799,0.827837,False,False,False,B;A;A;C;A,B40;A29;A29;C15;A02
class1,SLA-1*04:04,SLA-1,A,2,1,0.336568,0.013645,0.88097,False,False,True,B;A;B;C;A,B40;A29;B15;C15;A03
class1,SLA-1*04:05,SLA-1,A,3,1,0.46203,0.004302,0.969782,False,False,False,B;A;B;A;A,C04;A68;B15;A33;A03
class1,SLA-1*05:01,SLA-1,B,3,1,0.393607,0.108007,0.968913,False,False,False,B;B;A;B;A,B44;B57;A32;B27;A02
class1,SLA-1*06:01,SLA-1,C,2,2,0.349923,0.05985,0.894625,False,False,True,B;A;C;C;A,B40;A24;C03;C03;A03
class1,SLA-1*06:02,SLA-1,A,3,2,0.348862,0.02507,0.946831,False,False,False,B;A;A;C;A,B40;A29;A29;C03;A03
class1,SLA-1*07:01,SLA-1,B,3,1,0.230119,0.188505,0.737612,False,False,False,B;B;A;B;A,A01;B14;A68;B07;A03
class1,SLA-1*07:02,SLA-1,B,3,1,0.254947,0.173749,0.74165,False,False,False,B;B;A;B;A,A01;B14;A68;B07;A03
class1,SLA-1*08:01,SLA-1,B,3,2,0.310259,0.218768,0.962413,False,False,False,B;B;A;C;B,B40;B40;C17;C03;B15
class1,SLA-1*08:02,SLA-1,B,5,2,0.181833,0.550857,0.949366,True,True,False,B;B;B;B;B,B15;B40;C17;C03;B15
class1,SLA-1*08:12,SLA-1,B,3,2,0.313683,0.259577,0.963657,False,False,False,B;B;A;C;B,B40;B40;C17;C03;B15
class1,SLA-1*08:13,SLA-1,B,4,2,0.210587,0.486934,0.97401,False,True,False,B;B;B;C;B,B40;B40;B15;C08;B15
class1,SLA-1*08:07,SLA-1,B,3,1,0.304966,0.279114,0.942261,False,False,False,B;B;A;C;B,B15;B40;C17;C03;B08
class1,SLA-1*08:08,SLA-1,B,5,1,0.187993,0.565139,0.979513,True,True,False,B;B;B;B;B,B40;B40;B_Other;C08;B15
class1,SLA-1*08:03,SLA-1,B,4,2,0.308022,0.276088,0.966957,False,True,False,B;B;B;B;A,B40;B40;B13;B27;A02
class1,SLA-1*08:05,SLA-1,B,3,2,0.41168,0.080347,0.937696,False,False,False,B;B;B;C;A,B40;B40;B13;C03;A02
class1,SLA-1*11:01:01,SLA-1,C,4,1,0.220862,0.349983,0.853171,False,True,False,B;C;C;C;C,B41;A23;C14;C16;C05
class1,SLA-1*11:02,SLA-1,C,2,2,0.273506,0.070803,0.761627,False,False,True,B;C;B;B;C,B40;C01;B14;C17;C01
class1,SLA-1*11:03,SLA-1,C,2,2,0.16851,0.18974,0.609555,False,False,True,B;B;C;B;C,B40;C07;C17;C07;C06
class1,SLA-1*11:04,SLA-1,A,4,1,0.332074,0.034595,0.913502,False,True,False,A;A;A;C;A,A24;A29;C17;C02;A03
class1,SLA-1*11:06,SLA-1,A,3,1,0.341967,0.032587,0.920808,False,False,False,B;A;A;C;A,B40;A02;C17;C02;A03
class1,SLA-1*12:01,SLA-1,A,4,1,0.217685,0.341954,0.948092,False,True,False,B;A;A;A;A,B40;A29;A23;A02;A03
class1,SLA-1*12:03,SLA-1,A,4,1,0.224291,0.321416,0.948695,False,True,False,B;A;A;A;A,B40;A29;A23;A02;A03
class1,SLA-1*12:02,SLA-1,A,4,1,0.227041,0.322264,0.95188,False,True,False,B;A;A;A;A,B40;A29;A23;A02;A03
class1,SLA-1*13:01,SLA-1,A,4,2,0.378746,0.024389,0.946161,False,True,False,A;A;A;C;A,A24;A24;A29;C03;A03
class1,SLA-1*13:02,SLA-1,C,2,1,0.324062,0.087912,0.858311,False,False,True,B;B;C;C;A,B40;B58;C05;C03;A03
class1,SLA-1*16:01,SLA-1,B,4,1,0.194248,0.438555,0.921452,False,True,False,B;B;B;C;B,B40;B_Other;B56;C08;B15
class1,SLA-1*16:02,SLA-1,B,3,1,0.274456,0.284461,0.850664,False,False,False,B;B;B;C;A,B40;B_Other;B56;C14;B08
class1,SLA-1*17:01,SLA-1,A,4,1,0.363054,0.053665,0.960246,False,True,False,A;A;A;C;A,A24;A02;A29;C03;A03
class1,SLA-1*14:02,SLA-1,A,2,1,0.361823,0.0431,0.897316,False,False,True,B;A;B;A;C,B18;A68;B46;A_Other;C06
class1,SLA-1*14:01,SLA-1,A,3,1,0.32832,0.190847,0.914722,False,False,False,B;A;C;A;A,B40;A29;C17;A31;A02
class1,SLA-1*07:03,SLA-1,B,5,3,0.082306,0.753349,0.971034,True,True,False,B;B;B;B;B,B07;B_Other;B_Other;B07;B07
class1,SLA-1*18:01,SLA-1,A,4,2,0.362753,0.164029,0.972492,False,True,False,B;A;A;A;A,B40;A02;A68;A02;A03
class1,SLA-1*07:05,SLA-1,B,5,3,0.185733,0.507108,0.989073,True,True,False,B;B;B;B;B,B_Other;B55;B_Other;B_Other;C05
class1,SLA-1*09:02,SLA-1,B,4,1,0.278982,0.193652,0.856533,False,True,False,B;B;B;B;A,B40;B_Other;B14;C03;A03
class1,SLA-1*10:02,SLA-1,A,4,2,0.223527,0.432214,0.933106,False,True,False,A;A;C;A;A,A_Other;A68;C05;A_Other;A03
class1,SLA-1*10:01,SLA-1,A,3,1,0.313805,0.154964,0.896161,False,False,False,B;A;C;A;A,B18;A02;C05;A_Other;A03
class1,SLA-2*02:02,SLA-2,B,4,2,0.253924,0.419425,0.949793,False,True,False,B;B;B;C;B,B40;B40;B13;C03;B08
class1,SLA-2*03:01,SLA-2,B,4,2,0.272652,0.260524,0.923791,False,True,False,B;B;B;B;C,B40;B40;B37;B27;C05
class1,SLA-2*03:02,SLA-2,B,4,2,0.374279,0.082102,0.981507,False,True,False,B;B;A;B;B,B15;B40;A_Other;B58;B15
class1,SLA-2*03:03,SLA-2,B,4,1,0.293013,0.267186,0.969056,False,True,False,B;B;B;B;A,B15;B40;B13;B58;A02
class1,SLA-2*04:01,SLA-2,A,3,1,0.249788,0.280072,0.862252,False,False,False,B;B;A;A;A,B41;C08;A32;B57;A03
class1,SLA-2*04:02:01,SLA-2,A,3,3,0.281876,0.124857,0.800724,False,False,False,A;C;B;A;A,A68;C08;B13;A68;A68
class1,SLA-2*04:02:02,SLA-2,A,3,3,0.281876,0.124857,0.800724,False,False,False,A;C;B;A;A,A68;C08;B13;A68;A68
class1,SLA-2*05:01,SLA-2,B,3,1,0.329041,0.098965,0.842364,False,False,False,B;A;B;B;A,B13;A24;B37;C08;A03
class1,SLA-2*05:02,SLA-2,B,3,1,0.30965,0.231944,0.95199,False,False,False,B;B;B;C;A,B57;B40;B15;C17;A03
class1,SLA-2*05:05,SLA-2,B,3,1,0.132785,0.323191,0.617952,False,False,False,B;B;A;B;C,B40;C01;A25;C02;C12
class1,SLA-2*05:03,SLA-2,B,3,2,0.25258,0.244276,0.842565,False,False,False,B;A;B;B;A,A24;A24;B15;B58;B08
class1,SLA-2*05:06,SLA-2,B,3,1,0.249713,0.151601,0.773167,False,False,False,B;A;B;B;A,A24;A23;B37;B58;A03
class1,SLA-2*05:04,SLA-2,A,3,3,0.417885,0.032856,0.862266,False,False,False,A;A;C;B;A,A24;A24;C14;C06;A24
class1,SLA-2*06:01,SLA-2,B,4,2,0.200024,0.424446,0.920925,False,True,False,B;B;B;C;B,B41;B40;B37;C08;B41
class1,SLA-2*06:03,SLA-2,B,4,1,0.199691,0.41005,0.94801,False,True,False,B;B;B;C;B,B40;B_Other;B14;C08;B07
class1,SLA-2*06:06,SLA-2,B,3,2,0.357155,0.202711,0.971097,False,False,False,B;B;A;B;A,B40;B40;A29;B15;A03
class1,SLA-2*06:02:01,SLA-2,B,4,3,0.22779,0.468025,0.990427,False,True,False,B;B;B;C;B,B40;B40;A68;C08;B40
class1,SLA-2*06:08,SLA-2,B,5,4,0.228505,0.461614,0.992137,True,True,False,B;B;B;B;B,B40;B40;C17;B40;B40
class1,SLA-2*07:01,SLA-2,A,5,2,0.088975,0.728701,0.960087,True,True,False,A;A;A;A;A,A24;A24;A68;A03;A03
class1,SLA-2*07:02,SLA-2,A,4,2,0.190592,0.357262,0.876511,False,True,False,B;A;A;A;A,B40;A23;A30;A30;A03
class1,SLA-2*07:03,SLA-2,A,5,2,0.064728,0.685729,0.842138,True,True,False,A;A;A;A;A,A01;A24;A68;A03;A03
class1,SLA-2*10:01,SLA-2,B,4,2,0.298033,0.330655,0.986597,False,True,False,B;B;B;B;C,B15;B15;B49;C03;C03
class1,SLA-2*10:02,SLA-2,B,3,1,0.313857,0.158856,0.902693,False,False,False,B;B;B;C;A,B15;B40;B56;C03;B08
class1,SLA-2*10:04,SLA-2,B,5,4,0.175057,0.569432,0.992484,True,True,False,B;B;B;B;B,B15;B15;B_Other;B15;B15
class1,SLA-2*10:05,SLA-2,B,4,1,0.194413,0.46024,0.943597,False,True,False,B;B;B;C;B,B40;B49;B37;C16;B15
class1,SLA-2*10:03,SLA-2,B,4,2,0.332681,0.160143,0.97548,False,True,False,B;B;B;B;A,B15;B15;C17;C03;C03
class1,SLA-2*11:01:01,SLA-2,B,5,1,0.184816,0.595442,0.974948,True,True,False,B;B;B;B;B,B13;B51;B_Other;B07;B07
class1,SLA-2*11:01:02,SLA-2,B,5,1,0.184816,0.595442,0.974948,True,True,False,B;B;B;B;B,B13;B51;B_Other;B07;B07
class1,SLA-2*11:03,SLA-2,B,4,3,0.263233,0.314301,0.984086,False,True,False,B;B;B;B;C,B_Other;B_Other;B_Other;B55;C05
class1,SLA-2*12:01,SLA-2,A,2,1,0.25944,0.081511,0.760956,False,False,True,A;B;C;A;C,B40;B46;C17;A_Other;A03
class1,SLA-2*12:02,SLA-2,C,2,1,0.269471,0.126291,0.732263,False,False,True,A;B;C;A;C,B40;B46;C17;A_Other;C12
class1,SLA-2*17:01,SLA-2,B,5,2,0.185426,0.43918,0.875585,True,True,False,B;B;B;B;B,B40;B14;B14;B27;B08
class1,SLA-2*11:04,SLA-2,B,5,2,0.203286,0.487387,0.969742,True,True,False,B;B;B;B;B,B40;B13;B13;B15;A03
class1,SLA-2*15:01,SLA-2,A,2,1,0.364603,0.016996,0.920472,False,False,True,B;A;C;B;A,B40;A29;C05;C03;A03
class1,SLA-2*16:02,SLA-2,B,5,1,0.1184,0.661422,0.979479,True,True,False,B;B;B;B;B,B40;B55;B_Other;B55;B07
class1,SLA-2*08:05,SLA-2,B,5,1,0.179632,0.462197,0.917225,True,True,False,B;B;B;B;B,B41;B40;B14;B27;B08
class1,SLA-2*08:02,SLA-2,B,3,1,0.350652,0.017433,0.881626,False,False,False,B;B;A;B;A,B41;B40;A68;B27;A03
class1,SLA-2*09:01,SLA-2,A,4,2,0.212095,0.400758,0.95249,False,True,False,B;A;A;A;A,B40;A29;A29;A02;A03
class1,SLA-2*09:03,SLA-2,B,3,1,0.296553,0.207394,0.942129,False,False,False,A;B;A;B;B,A01;B40;A32;B27;A02
class1,SLA-2*09:02,SLA-2,A,3,1,0.189696,0.451553,0.900098,False,False,False,B;B;A;A;A,B40;A29;A29;A02;A03
class1,SLA-2*13:01,SLA-2,A,4,2,0.264021,0.426185,0.959824,False,True,False,B;A;A;A;A,B40;A68;A03;A02;A03
class1,SLA-2*14:01,SLA-2,B,5,1,0.194758,0.537097,0.896882,True,True,False,B;B;B;B;B,C01;B49;B49;B58;B15
class1,SLA-3*01:01,SLA-3,B,2,1,0.315758,0.189593,0.947367,False,False,True,B;C;B;C;A,B40;C07;C08;C08;A03
class1,SLA-3*01:04,SLA-3,B,2,1,0.324367,0.191523,0.953479,False,False,True,B;C;B;C;A,B40;C07;B15;C08;A03
class1,SLA-3*01:03,SLA-3,B,2,1,0.317001,0.12541,0.888616,False,False,True,B;C;C;B;A,B40;C07;C05;B58;A03
class1,SLA-3*01:02,SLA-3,C,3,1,0.292774,0.035726,0.759444,False,False,False,B;C;C;B;C,B40;C07;C05;C16;C05
class1,SLA-3*03:01,SLA-3,A,4,1,0.337284,0.040317,0.848428,False,True,False,A;A;A;C;A,A02;A29;A29;C08;A03
class1,SLA-3*03:02,SLA-3,A,2,1,0.333019,0.062124,0.93646,False,False,True,B;B;A;C;A,B40;B58;A26;C03;C06
class1,SLA-3*03:03,SLA-3,A,4,1,0.328668,0.025024,0.818371,False,True,False,A;A;A;B;A,A02;A29;A23;B07;A03
class1,SLA-3*03:04,SLA-3,A,3,1,0.327096,0.035555,0.730725,False,False,False,A;A;C;C;A,A02;A29;B07;C07;A03
class1,SLA-3*03:05,SLA-3,B,3,2,0.378119,0.079301,0.878338,False,False,False,B;B;A;B;A,B40;B40;A29;B15;A03
class1,SLA-3*03:08,SLA-3,B,3,0,0.380105,0.048663,0.845992,False,False,False,B;A;B;B;A,B40;A29;B07;B07;A03
class1,SLA-3*03:09,SLA-3,A,2,1,0.406819,0.019847,0.874072,False,False,True,B;A;B;C;A,B40;A29;B07;C07;A03
class1,SLA-3*03:06,SLA-3,B,4,1,0.249965,0.40441,0.948473,False,True,False,B;B;B;B;A,B40;B18;B13;B27;B08
class1,SLA-3*04:01,SLA-3,B,2,1,0.368351,0.081052,0.964967,False,False,True,B;A;B;C;A,B40;A29;B07;B27;A03
class1,SLA-3*04:02,SLA-3,B,2,1,0.370582,0.174061,0.947389,False,False,True,B;A;B;C;A,B40;A29;B07;B07;A02
class1,SLA-3*04:03,SLA-3,B,2,1,0.37261,0.173859,0.946792,False,False,True,B;A;B;C;A,B40;A29;B07;B07;A02
class1,SLA-3*05:01,SLA-3,B,4,2,0.31668,0.197808,0.981484,False,True,False,B;B;B;B;A,B40;B40;B13;B_Other;A03
class1,SLA-3*05:02,SLA-3,B,4,2,0.312768,0.198308,0.976071,False,True,False,B;B;B;B;A,B40;B40;B13;B_Other;A03
class1,SLA-3*05:03:01,SLA-3,B,4,2,0.312699,0.199736,0.976345,False,True,False,B;B;B;B;A,B40;B40;B13;B_Other;A03
class1,SLA-3*05:05,SLA-3,B,4,2,0.310776,0.207503,0.975694,False,True,False,B;B;B;B;A,B40;B40;B_Other;B_Other;A03
class1,SLA-3*06:01,SLA-3,A,4,1,0.377574,0.023772,0.924409,False,True,False,A;A;A;C;A,A02;A29;A_Other;C07;A03
class1,SLA-3*06:02,SLA-3,A,3,1,0.368316,0.037232,0.924476,False,False,False,A;A;C;C;A,A02;A29;C05;C07;A03
class1,SLA-3*07:01:01,SLA-3,A,3,1,0.35012,0.031753,0.823804,False,False,False,A;A;C;C;A,A02;A29;C05;C03;A03
class1,SLA-3*07:01:02,SLA-3,A,3,1,0.35012,0.031753,0.823804,False,False,False,A;A;C;C;A,A02;A29;C05;C03;A03
class1,SLA-3*07:02,SLA-3,A,3,1,0.327072,0.049196,0.824001,False,False,False,A;A;C;C;A,A02;A29;C05;C07;A03
class1,SLA-3*07:03,SLA-3,A,4,1,0.368926,0.091037,0.961361,False,True,False,A;A;A;B;A,A02;A29;A_Other;B27;A03
class1,SLA-3*08:01,SLA-3,A,2,2,0.331158,0.119594,0.921465,False,False,True,B;A;C;C;A,A24;A02;C05;C17;A02
class1,SLA-6*01:01,SLA-6,B,5,1,0.204954,0.465621,0.936227,True,True,False,B;B;B;B;B,B40;B_Other;B37;B27;B27
class1,SLA-6*02:01,SLA-6,B,5,1,0.209025,0.46414,0.935375,True,True,False,B;B;B;B;B,B40;B_Other;B37;B27;B27
class1,SLA-6*03:01,SLA-6,B,5,1,0.208177,0.467977,0.935576,True,True,False,B;B;B;B;B,B40;B_Other;B37;B27;B27
class1,SLA-6*04:01,SLA-6,B,5,1,0.212014,0.459127,0.935391,True,True,False,B;B;B;B;B,B40;B_Other;B37;B27;B27
class1,SLA-6*05:01,SLA-6,B,5,1,0.20956,0.462641,0.935416,True,True,False,B;B;B;B;B,B40;B_Other;B37;B27;B27
class1,SLA-6*06:01,SLA-6,B,5,1,0.208842,0.464645,0.935327,True,True,False,B;B;B;B;B,B40;B_Other;B37;B27;B27
class1,SLA-6*07:01,SLA-6,B,5,1,0.209736,0.460833,0.935125,True,True,False,B;B;B;B;B,B40;B_Other;B37;B27;B27
class1,SLA-6*08:01,SLA-6,B,4,1,0.228092,0.429237,0.93434,False,True,False,B;B;B;C;B,B40;B_Other;B37;B27;B27
class1,SLA-6*09:01,SLA-6,B,5,1,0.217358,0.458714,0.935109,True,True,False,B;B;B;B;B,B40;B_Other;B37;B27;B27
class1,SLA-2*16:01,SLA-2,B,4,2,0.245085,0.329555,0.922283,False,True,False,B;B;B;C;B,B_Other;B_Other;B50;C03;B07
class1,SLA-2*08:03,SLA-2,B,3,1,0.351899,0.017317,0.880373,False,False,False,B;B;A;B;A,B41;B40;A68;B27;A03
class1,SLA-1*04:01:02,SLA-1,B,2,1,0.348699,0.070095,0.803827,False,False,True,B;A;B;C;A,B40;A29;B15;C15;A03
class1,SLA-1*04:02,SLA-1,A,4,1,0.342438,0.114119,0.967101,False,True,False,B;A;A;A;A,B41;A68;A29;A30;A03
class1,SLA-1*07:04,SLA-1,B,5,3,0.151969,0.601344,0.990778,True,True,False,B;B;B;B;B,B_Other;B_Other;B_Other;C08;B15
class1,SLA-1*07:06,SLA-1,B,5,2,0.13704,0.701905,0.99149,True,True,False,B;B;B;B;B,B37;B_Other;B_Other;B07;B07
class1,SLA-1*08:04,SLA-1,B,4,1,0.294636,0.301873,0.961271,False,True,False,B;B;B;B;C,B41;B_Other;B13;C16;C05
class1,SLA-1*08:06,SLA-1,B,5,2,0.150975,0.589474,0.954599,True,True,False,B;B;B;B;B,B15;B40;B_Other;B15;A02
class1,SLA-1*08:09,SLA-1,B,4,2,0.250887,0.381887,0.939652,False,True,False,B;B;B;C;B,B15;B40;B13;C08;B15
class1,SLA-1*08:10,SLA-1,B,5,2,0.182944,0.562453,0.961507,True,True,False,B;B;B;B;B,B40;B40;B15;B_Other;B15
class1,SLA-1*08:11,SLA-1,B,3,1,0.290266,0.226343,0.84455,False,False,False,B;B;B;C;A,B15;B40;B18;C17;A02
class1,SLA-1*08:14,SLA-1,B,4,2,0.235614,0.49601,0.979341,False,True,False,B;B;B;C;B,B15;B40;B50;C08;B15
class1,SLA-1*09:01,SLA-1,B,3,1,0.316408,0.213198,0.958022,False,False,False,B;B;B;C;A,B40;B_Other;B14;C03;C03
class1,SLA-1*11:01:02,SLA-1,C,4,1,0.220862,0.349983,0.853171,False,True,False,B;C;C;C;C,B41;A23;C14;C16;C05
class1,SLA-1*11:05,SLA-1,B,2,1,0.130711,0.290049,0.59937,False,False,True,B;A;B;C;C,B40;A23;C17;C07;B07
class1,SLA-1*11:07,SLA-1,B,1,1,0.285752,0.155039,0.864505,False,False,True,B;C;C;C;A,B40;C07;C05;C03;A03
class1,SLA-1*11:08,SLA-1,B,1,1,0.281352,0.151862,0.852724,False,False,True,B;C;C;C;A,B40;C07;C05;C03;A03
class1,SLA-1*11:09,SLA-1,C,4,1,0.295285,0.098741,0.861082,False,True,False,C;A;C;C;C,C01;A24;C05;C04;C05
class1,SLA-1*11:10,SLA-1,B,2,0,0.316142,0.119946,0.938245,False,False,True,B;A;B;C;A,B40;A02;B08;C08;B08
class1,SLA-1*14:03,SLA-1,C,4,1,0.201129,0.111179,0.618337,False,True,False,C;A;C;C;C,C01;A23;C17;C14;C05
class1,SLA-1*15:01,SLA-1,A,2,2,0.339217,0.038111,0.901811,False,False,True,A;B;A;C;C,A24;B58;A29;C08;A24
class1,SLA-1*15:02,SLA-1,A,2,2,0.337618,0.034867,0.905014,False,False,True,A;B;A;C;C,A24;B58;A29;C08;A24
class1,SLA-1*16:03,SLA-1,B,4,1,0.368863,0.099504,0.973867,False,True,False,B;B;B;B;A,B40;B15;B56;B58;A02
class1,SLA-1*17:02,SLA-1,A,3,1,0.410457,0.075565,0.957235,False,False,False,B;A;A;C;A,B41;A02;A29;C17;A03
class1,SLA-1*19:01,SLA-1,A,4,3,0.316236,0.222903,0.992554,False,True,False,A;C;A;A;A,A_Other;C08;A03;A03;A03
class1,SLA-1*20:01,SLA-1,B,3,2,0.285346,0.346248,0.909075,False,False,False,B;B;B;C;A,B40;B57;B57;C03;A02
class1,SLA-1*22:01,SLA-1,A,4,2,0.251294,0.379386,0.987672,False,True,False,A;A;A;C;A,A01;A68;A03;A02;A03
class1,SLA-2*01:01,SLA-2,A,4,2,0.1829,0.481482,0.935444,False,True,False,B;A;A;A;A,B40;A29;A30;A03;A03
class1,SLA-2*01:02,SLA-2,A,5,1,0.049277,0.818581,0.943229,True,True,False,A;A;A;A;A,A_Other;A68;A29;A30;A03
class1,SLA-2*02:01,SLA-2,B,3,1,0.290034,0.272201,0.94438,False,False,False,B;B;B;C;A,B40;A25;B13;C08;B08
class1,SLA-2*02:03,SLA-2,B,5,1,0.100768,0.662576,0.92911,True,True,False,B;B;B;B;B,B40;B52;B_Other;B27;B08
class1,SLA-2*02:04,SLA-2,B,4,1,0.218884,0.471409,0.928609,False,True,False,B;A;B;B;B,B_Other;A25;B37;B58;B07
class1,SLA-2*02:05,SLA-2,B,4,1,0.280198,0.208205,0.924084,False,True,False,B;B;B;B;A,B41;A33;B50;B27;A03
class1,SLA-2*04:03,SLA-2,B,3,0,0.26649,0.098313,0.755665,False,False,False,B;B;B;C;A,B41;B58;B15;C08;A03
class1,SLA-2*04:04,SLA-2,B,3,1,0.26341,0.097664,0.768542,False,False,False,B;B;B;C;A,B41;B58;B15;C08;A03
class1,SLA-2*04:05,SLA-2,A,3,2,0.233148,0.262504,0.800949,False,False,False,A;C;B;A;A,A68;C08;A25;B57;A68
class1,SLA-2*04:06,SLA-2,A,4,2,0.305654,0.190763,0.935014,False,True,False,A;A;B;A;A,A68;A29;B57;B51;A68
class1,SLA-2*04:07,SLA-2,B,2,1,0.339645,0.222088,0.903569,False,False,True,B;A;B;A;A,B15;A25;B13;B57;A02
class1,SLA-2*04:08,SLA-2,B,2,1,0.32221,0.133738,0.835298,False,False,True,B;A;B;A;A,B15;A25;B13;B57;A03
class1,SLA-2*04:09,SLA-2,A,3,2,0.346771,0.140578,0.960973,False,False,False,A;A;C;C;A,A68;A26;C05;C02;A68
class1,SLA-2*05:07,SLA-2,B,3,1,0.299874,0.090783,0.840774,False,False,False,B;B;B;C;A,B40;B57;B49;C08;A03
class1,SLA-2*06:02:02,SLA-2,B,4,3,0.22779,0.468025,0.990427,False,True,False,B;B;B;C;B,B40;B40;A68;C08;B40
class1,SLA-2*06:04,SLA-2,B,4,2,0.219358,0.467759,0.908705,False,True,False,B;B;B;C;B,B40;B40;B37;C08;B07
class1,SLA-2*06:05,SLA-2,B,5,2,0.128813,0.717562,0.992941,True,True,False,B;B;B;B;B,B40;B40;B_Other;B_Other;B15
class1,SLA-2*06:07,SLA-2,B,5,1,0.171019,0.531668,0.946694,True,True,False,B;B;B;B;B,B40;B41;B37;B50;B41
class1,SLA-2*06:09,SLA-2,B,3,2,0.29793,0.196701,0.970509,False,False,False,B;B;B;C;A,B40;B40;B14;C08;A03
class1,SLA-2*06:10,SLA-2,B,5,2,0.117646,0.716428,0.989075,True,True,False,B;B;B;B;B,B40;B44;B50;B58;B40
class1,SLA-2*06:11,SLA-2,B,3,1,0.32152,0.107308,0.922562,False,False,False,B;B;A;C;B,B40;B_Other;A68;C03;B08
class1,SLA-2*06:12,SLA-2,B,3,1,0.356991,0.02575,0.854673,False,False,False,B;B;A;B;A,B40;B_Other;A01;B07;A03
class1,SLA-2*06:13,SLA-2,B,2,1,0.320639,0.035437,0.850319,False,False,True,B;B;A;C;A,B40;B_Other;A01;C03;A03
class1,SLA-2*06:14,SLA-2,B,4,2,0.244373,0.387714,0.978156,False,True,False,B;B;B;B;A,B40;B40;B37;B58;A02
class1,SLA-2*06:15,SLA-2,B,5,2,0.093965,0.709719,0.938526,True,True,False,B;B;B;B;B,B41;B40;B37;B37;B41
class1,SLA-2*07:04,SLA-2,A,5,2,0.066226,0.801523,0.938342,True,True,False,A;A;A;A;A,A01;A29;A01;A03;A03
class1,SLA-2*07:05,SLA-2,A,5,3,0.145939,0.683617,0.980574,True,True,False,A;A;A;A;A,A24;A68;A68;A68;A03
class1,SLA-2*08:01,SLA-2,B,5,1,0.10851,0.66283,0.924323,True,True,False,B;B;B;B;B,B41;B40;B37;B27;B08
class1,SLA-2*08:04,SLA-2,B,5,1,0.200699,0.523103,0.91867,True,True,False,B;B;B;B;B,B41;B40;B37;B27;B08
class1,SLA-2*08:06,SLA-2,B,5,2,0.203547,0.474939,0.974026,True,True,False,B;B;B;B;B,B40;B40;B50;B27;B08
class1,SLA-2*09:04,SLA-2,A,4,1,0.239991,0.381195,0.965044,False,True,False,B;A;A;A;A,B40;A29;A_Other;A02;A03
class1,SLA-2*09:06,SLA-2,A,2,2,0.380181,0.010078,0.857321,False,False,True,B;A;C;B;A,B40;A29;C03;C03;A03
class1,SLA-2*10:06,SLA-2,B,4,2,0.222039,0.380902,0.931043,False,True,False,B;B;B;B;A,B40;B40;B37;C16;B08
class1,SLA-2*10:07,SLA-2,B,4,1,0.357845,0.129095,0.954423,False,True,False,B;B;B;B;A,B15;B_Other;B50;B58;A02
class1,SLA-2*10:08,SLA-2,B,3,1,0.380902,0.172752,0.97889,False,False,False,B;B;B;C;A,B15;B_Other;B49;C03;A03
class1,SLA-2*11:02,SLA-2,B,2,1,0.327541,0.161238,0.840093,False,False,True,B;A;B;C;C,B_Other;A24;B37;C15;C05
class1,SLA-2*11:05,SLA-2,B,5,2,0.191294,0.514477,0.969781,True,True,False,B;B;B;B;B,B40;B13;B13;B15;A03
class1,SLA-2*13:02,SLA-2,A,5,2,0.084258,0.741071,0.958934,True,True,False,A;A;A;A;A,A01;A29;A29;A03;A03
class1,SLA-2*16:03,SLA-2,B,5,1,0.113488,0.682237,0.981342,True,True,False,B;B;B;B;B,B40;B55;B_Other;B55;B07
class1,SLA-2*18:01,SLA-2,B,3,1,0.191775,0.166374,0.669489,False,False,False,C;B;B;B;C,C07;B57;C17;B27;A02
class1,SLA-2*18:02,SLA-2,A,3,1,0.317969,0.03675,0.736625,False,False,False,A;A;C;C;A,B40;A29;C17;C03;A02
class1,SLA-2*18:03,SLA-2,C,2,1,0.23513,0.208134,0.75347,False,False,True,B;B;C;C;A,C01;B57;C17;C08;A24
class1,SLA-3*03:07,SLA-3,A,3,2,0.368092,0.015326,0.952933,False,False,False,B;A;A;C;A,B40;A02;A26;C03;A02
class1,SLA-3*03:10,SLA-3,B,2,0,0.144638,0.197377,0.527634,False,False,True,A;A;B;B;A,B40;A29;B07;B07;A03
class1,SLA-3*04:04,SLA-3,A,3,1,0.276652,0.294714,0.893917,False,False,False,B;A;A;C;A,B40;A29;C05;C15;A03
class1,SLA-3*04:05,SLA-3,B,2,1,0.369001,0.080565,0.964391,False,False,True,B;A;B;C;A,B40;A29;B07;B27;A03
class1,SLA-3*04:06,SLA-3,B,2,1,0.368199,0.07819,0.965349,False,False,True,B;A;B;C;A,B40;A29;B07;B27;A03
class1,SLA-3*04:07,SLA-3,B,2,1,0.347034,0.227937,0.970358,False,False,True,B;C;B;C;A,B40;C07;B07;C07;A02
class1,SLA-3*05:04,SLA-3,B,4,2,0.315565,0.19542,0.977081,False,True,False,B;B;B;B;A,B40;B40;B13;B_Other;A03
class1,SLA-3*05:06,SLA-3,B,4,2,0.290406,0.263721,0.979445,False,True,False,B;B;B;B;A,B40;B40;B55;B15;A03
class1,SLA-7*01:01,SLA-7,B,4,2,0.288211,0.26154,0.95575,False,True,False,B;B;B;C;B,C01;B_Other;B_Other;C02;B07
class1,SLA-7*02:01,SLA-7,B,4,1,0.291554,0.219345,0.964847,False,True,False,B;B;B;C;B,C01;B_Other;B14;C02;B07
class1,SLA-7*03:01,SLA-7,B,4,3,0.207682,0.434819,0.952058,False,True,False,C;B;B;B;B,C01;B_Other;B_Other;B_Other;B07
class1,SLA-8*01:01,SLA-8,B,3,0,0.171142,0.237241,0.673922,False,False,False,B;B;C;C;B,B41;B58;C14;B27;B39
class1,SLA-8*02:01,SLA-8,C,2,0,0.304818,0.074111,0.83288,False,False,True,B;B;C;C;B,B41;B58;C08;C15;B39
class1,SLA-8*04:01,SLA-8,B,3,0,0.180588,0.231856,0.683055,False,False,False,B;B;C;C;B,B41;B58;C14;B27;B39
class1,SLA-8*05:01,SLA-8,B,3,0,0.182947,0.19672,0.675906,False,False,False,B;B;C;C;B,B41;B58;C05;B27;B39
class1,SLA-12*02:01,SLA-12,A,1,1,0.174315,0.229439,0.659862,False,False,True,B;A;C;C;C,B41;A25;C17;C16;A03
class1,SLA-12*04:01,SLA-12,A,2,2,0.188077,0.233285,0.711523,False,False,True,B;A;A;C;C,A24;A25;A25;C16;A03
class1,SLA-12*05:01,SLA-12,B,2,1,0.149367,0.173294,0.589857,False,False,True,B;A;C;C;B,B41;A25;C17;C16;B08
class1,SLA-12*06:01,SLA-12,A,1,1,0.209678,0.153597,0.678867,False,False,True,B;A;C;C;C,B41;A25;C17;C16;A03
class1,SLA-8*03:01,SLA-8,C,2,1,0.307924,0.073116,0.826453,False,False,True,B;B;C;C;B,B41;A23;C05;C17;C16
class1,SLA-1*08:17,SLA-1,B,4,1,0.195794,0.382021,0.922875,False,True,False,B;B;B;B;A,B41;B40;B37;B58;A03
class1,SLA-1*21:02,SLA-1,B,3,1,0.359492,0.190491,0.976034,False,False,False,A;B;B;B;A,A11;B40;B_Other;B15;A01
class1,SLA-1*07:07,SLA-1,B,5,4,0.126489,0.724737,0.983987,True,True,False,B;B;B;B;B,B_Other;B_Other;B_Other;B_Other;B15
class1,SLA-1*23:02,SLA-1,A,2,1,0.315887,0.135116,0.967725,False,False,True,B;A;C;C;A,B40;A02;C05;B27;A03
class1,SLA-1*07:08,SLA-1,B,5,2,0.137645,0.619183,0.967022,True,True,False,B;B;B;B;B,B37;B55;B_Other;B_Other;B07
class1,SLA-1*20:02,SLA-1,B,3,1,0.314211,0.266006,0.937982,False,False,False,B;B;B;C;A,B40;C14;B57;C03;A02
class1,SLA-1*08:16,SLA-1,B,5,2,0.169127,0.563125,0.960604,True,True,False,B;B;B;B;B,B40;B40;B_Other;B_Other;B15
class1,SLA-1*23:03,SLA-1,A,2,1,0.322073,0.108044,0.968694,False,False,True,B;A;C;C;A,B40;A02;C05;B27;A03
class1,SLA-1*19:02,SLA-1,A,5,3,0.146694,0.635708,0.994839,True,True,False,A;A;A;A;A,B40;A29;A03;A03;A03
class1,SLA-1*21:01,SLA-1,B,2,1,0.345934,0.239694,0.951596,False,False,True,A;A;B;B;A,A01;A24;B13;B15;A03
class1,SLA-1*08:15,SLA-1,B,5,2,0.177518,0.614891,0.969566,True,True,False,B;B;B;B;B,B40;B40;B_Other;C08;B15
class1,SLA-1*18:02,SLA-1,A,4,2,0.353529,0.172396,0.97843,False,True,False,B;A;A;A;A,B40;A02;A68;A02;A03
class1,SLA-1*21:03,SLA-1,B,4,3,0.254561,0.333918,0.920039,False,True,False,B;B;B;B;A,B13;B13;B13;B50;A03
class1,SLA-1*23:01,SLA-1,B,2,1,0.325221,0.126224,0.945303,False,False,True,B;A;B;C;A,B40;A02;B08;C08;A11
class1,SLA-1*15:03,SLA-1,A,3,1,0.405938,0.032063,0.907182,False,False,False,A;C;A;C;A,A02;C07;A68;C04;A24
class1,SLA-12*03:01,SLA-12,C,3,1,0.179016,0.170416,0.609302,False,False,False,B;C;A;C;C,A24;C08;A23;C16;A03
class1,SLA-12*01:01,SLA-12,A,2,1,0.169913,0.223564,0.596895,False,False,True,B;A;C;C;A,B41;A25;C17;C16;A03
class1,SLA-3*05:03:02,SLA-3,B,4,2,0.312699,0.199736,0.976345,False,True,False,B;B;B;B;A,B40;B40;B13;B_Other;A03
class1,SLA-6*10:01,SLA-6,B,5,1,0.209091,0.468521,0.934463,True,True,False,B;B;B;B;B,B40;B_Other;B37;B27;B27
class1,SLA-1*11:11,SLA-1,B,3,1,0.212929,0.071577,0.640296,False,False,False,B;A;B;C;B,B41;A24;C08;C03;B07
class1,SLA-3*04:08,SLA-3,A,3,1,0.215476,0.416349,0.903673,False,False,False,B;A;A;C;A,B40;A29;A30;C15;A03
class1,SLA-3*05:08,SLA-3,B,4,2,0.310608,0.207055,0.974157,False,True,False,B;B;B;B;A,B40;B40;B13;B_Other;A03
class1,SLA-3*05:07,SLA-3,B,4,2,0.312873,0.199184,0.968769,False,True,False,B;B;B;B;A,B40;B40;B13;B_Other;A03
class1,SLA-1*08:18,SLA-1,B,4,2,0.281503,0.374109,0.950522,False,True,False,B;B;B;C;B,B40;B40;B15;C08;B07
class1,SLA-1*14:04,SLA-1,A,2,1,0.229124,0.042431,0.618693,False,False,True,B;A;B;A;C,B40;A23;B46;A_Other;C12
class1,SLA-1*14:05,SLA-1,A,4,3,0.334508,0.174464,0.968871,False,True,False,A;A;A;A;B,A26;A26;A26;A33;B08
class1,SLA-2*07:06,SLA-2,A,5,2,0.189345,0.526887,0.955719,True,True,False,A;A;A;A;A,A24;A24;A30;A30;A03
class1,SLA-2*01:03,SLA-2,A,1,1,0.260705,0.150167,0.832461,False,False,True,B;A;C;C;B,B40;A02;C05;C14;B08
class1,SLA-2*08:07,SLA-2,B,5,2,0.181047,0.516054,0.919073,True,True,False,B;B;B;B;B,B41;B40;B37;B27;B40
class1,SLA-2*13:03,SLA-2,A,5,3,0.097947,0.730784,0.98054,True,True,False,A;A;A;A;A,A03;A68;A03;A68;A03
class1,SLA-2*05:08,SLA-2,B,3,1,0.290346,0.142468,0.786729,False,False,False,B;B;C;B;A,B40;B58;C17;B27;C08
class1,SLA-2*06:16,SLA-2,B,4,2,0.192142,0.484215,0.98848,False,True,False,B;B;B;C;B,B40;B40;B49;C08;B50
class1,SLA-3*06:03,SLA-3,A,4,1,0.348083,0.041363,0.923106,False,True,False,A;A;A;C;A,A02;A29;A29;C02;A03
class1,SLA-2*10:09,SLA-2,B,3,1,0.2916,0.353157,0.968923,False,False,False,B;B;B;C;A,B15;B40;B13;C03;A01
class1,SLA-2*20:01,SLA-2,B,3,2,0.355087,0.008694,0.848751,False,False,False,B;B;A;B;A,B_Other;B55;A03;B07;A03
class1,SLA-2*19:01,SLA-2,B,2,2,0.331514,0.157172,0.820069,False,False,True,B;A;B;C;C,B40;A23;B46;C08;C08
class1,SLA-1*19:03,SLA-1,A,5,2,0.125498,0.671167,0.966968,True,True,False,A;A;A;A;A,A26;A29;A29;A03;A03
class1,SLA-3*03:12,SLA-3,B,3,1,0.423429,0.042251,0.979629,False,False,False,B;A;B;B;A,B40;A29;B07;B27;A03
class1,SLA-3*03:11,SLA-3,B,3,1,0.340067,0.057869,0.84364,False,False,False,B;B;A;B;A,B40;B_Other;A68;B27;A03
class1,SLA-11*01:01,SLA-11,B,2,1,0.252095,0.199153,0.816616,False,False,True,B;A;B;C;A,B40;A29;B56;B27;A02
class1,SLA-2*05:09,SLA-2,B,2,3,0.121116,0.24345,0.508599,False,False,True,A;A;B;B;A,A24;A24;C14;C14;A24
class1,SLA-9*02:01,SLA-9,C,2,1,0.326484,0.057175,0.934245,False,False,True,A;B;C;C;B,A_Other;A03;C08;C04;B18
class1,SLA-9*05:01,SLA-9,C,3,1,0.325515,0.002221,0.819463,False,False,False,B;C;C;C;B,B44;C08;C08;C04;C12
class1,SLA-9*04:01,SLA-9,B,3,2,0.27012,0.195362,0.790878,False,False,False,A;B;B;B;A,A02;B57;B56;C02;A02
class1,SLA-9*03:01,SLA-9,B,4,2,0.374087,0.043504,0.951862,False,True,False,B;B;B;A;B,B57;B46;B13;A31;B57
class1,SLA-11*02:01,SLA-11,B,2,1,0.280664,0.199871,0.837576,False,False,True,B;A;B;C;A,B40;A29;B14;B27;A02
class1,SLA-9*01:01,SLA-9,B,4,2,0.34938,0.052124,0.929356,False,True,False,B;B;B;A;B,B57;B46;B15;A31;B57
class1,SLA-3*03:13,SLA-3,B,4,1,0.296643,0.104433,0.929274,False,True,False,B;B;B;B;A,B40;B_Other;B14;B27;A03
class1,SLA-3*06:04,SLA-3,A,3,1,0.398637,0.03352,0.909153,False,False,False,A;A;C;B;A,A02;A29;C05;B07;A03
class1,SLA-2*21:01,SLA-2,A,5,2,0.127673,0.690305,0.990492,True,True,False,A;A;A;A;A,B40;A68;A03;A02;A03
class2,SLA-DQB1*01:01,SLA-DQB1,DRB1,4,4,0.358662,0.108387,0.948143,False,True,False,DRB1;DRB1;DQB1;DRB1;DRB1,DRB101;DRB101;DQB102;DRB101;DRB101
class2,SLA-DQB1*01:03,SLA-DQB1,DRB1,3,3,0.394796,0.058243,0.94819,False,False,False,DRB1;DRB1;DQB1;DQB1;DRB1,DRB101;DRB101;DQB102;DQB103;DRB101
class2,SLA-DQB1*01:04,SLA-DQB1,DRB1,3,3,0.377111,0.124556,0.949992,False,False,False,DRB1;DRB1;DQB1;DQB1;DRB1,DRB101;DRB101;DQB102;DQB103;DRB101
class2,SLA-DQB1*01:05,SLA-DQB1,DQB1,3,2,0.385942,0.045609,0.920131,False,False,False,DQB1;DRB1;DQB1;DQB1;DRB1,DQB103;DRB1_Other;DQB102;DQB103;DRB101
class2,SLA-DQB1*01:06,SLA-DQB1,DRB1,4,4,0.378067,0.073131,0.947269,False,True,False,DRB1;DRB1;DQB1;DRB1;DRB1,DRB101;DRB101;DQB102;DRB101;DRB101
class2,SLA-DQB1*01:02,SLA-DQB1,DRB1,2,2,0.404591,0.101353,0.931034,False,False,True,DRB1;DQB1;DQB1;DQB1;DRB1,DRB101;DQB103;DQB102;DQB103;DRB101
class2,SLA-DQB1*02:01,SLA-DQB1,DRB1,4,4,0.348561,0.126109,0.95784,False,True,False,DRB1;DRB1;DQB1;DRB1;DRB1,DRB101;DRB101;DQB102;DRB101;DRB101
class2,SLA-DQB1*02:02,SLA-DQB1,DRB1,4,3,0.37063,0.073388,0.955549,False,True,False,DRB1;DRB1;DQB1;DRB1;DRB1,DRB101;DRB1_Other;DQB102;DRB101;DRB101
class2,SLA-DQB1*02:03,SLA-DQB1,DQB1,4,2,0.381556,0.03592,0.928336,False,True,False,DQB1;DQB1;DQB1;DQB1;DRB1,DQB102;DQB104;DQB102;DQB105;DRB101
class2,SLA-DQB1*02:04,SLA-DQB1,DQB1,4,2,0.358149,0.038352,0.930705,False,True,False,DQB1;DQB1;DQB1;DQB1;DRB1,DQB105;DQB104;DQB104;DQB106;DRB1_Other
class2,SLA-DQB1*02:07,SLA-DQB1,DRB1,4,3,0.292277,0.255294,0.955533,False,True,False,DRB1;DRB1;DQB1;DRB1;DRB1,DRB101;DRB1_Other;DQB102;DRB101;DRB101
class2,SLA-DQB1*02:05,SLA-DQB1,DRB1,4,4,0.355605,0.111788,0.958007,False,True,False,DRB1;DRB1;DQB1;DRB1;DRB1,DRB101;DRB101;DQB102;DRB101;DRB101
class2,SLA-DQB1*02:08,SLA-DQB1,DRB1,4,3,0.31794,0.134621,0.946264,False,True,False,DRB1;DRB1;DQB1;DRB1;DRB1,DRB101;DRB1_Other;DQB102;DRB101;DRB101
class2,SLA-DQB1*02:09,SLA-DQB1,DRB1,5,4,0.179946,0.508885,0.953525,True,True,False,DRB1;DRB1;DRB1;DRB1;DRB1,DRB101;DRB1_Other;DRB101;DRB101;DRB101
class2,SLA-DQB1*02:06,SLA-DQB1,DQB1,3,2,0.383368,0.037267,0.934441,False,False,False,DQB1;DQB1;DQB1;DRB1;DRB1,DQB102;DQB103;DQB102;DRB1_Other;DRB101
class2,SLA-DQB1*03:01,SLA-DQB1,DQB1,4,2,0.378148,0.03504,0.930741,False,True,False,DQB1;DQB1;DQB1;DQB1;DRB1,DQB102;DQB104;DQB102;DQB105;DRB101
class2,SLA-DQB1*03:02,SLA-DQB1,DQB1,4,3,0.382189,0.044993,0.962539,False,True,False,DQB1;DQB1;DQB1;DQB1;DRB1,DQB103;DQB103;DQB103;DQB106;DRB101
class2,SLA-DQB1*03:03,SLA-DQB1,DQB1,4,2,0.375545,0.037846,0.964671,False,True,False,DQB1;DQB1;DQB1;DQB1;DRB1,DQB103;DQB103;DQB102;DQB106;DRB101
class2,SLA-DQB1*04:01:01,SLA-DQB1,DQB1,3,1,0.36637,0.03333,0.912679,False,False,False,DQB1;DRB1;DQB1;DQB1;DRB1,DQB103;DRB1_Other;DQB102;DQB106;DRB1_Other
class2,SLA-DQB1*04:01:02,SLA-DQB1,DQB1,3,1,0.36637,0.03333,0.912679,False,False,False,DQB1;DRB1;DQB1;DQB1;DRB1,DQB103;DRB1_Other;DQB102;DQB106;DRB1_Other
class2,SLA-DQB1*04:02:01,SLA-DQB1,DQB1,3,1,0.388405,0.029112,0.928,False,False,False,DQB1;DRB1;DQB1;DQB1;DRB1,DQB103;DRB1_Other;DQB102;DQB106;DRB101
class2,SLA-DQB1*04:02:02,SLA-DQB1,DQB1,3,1,0.388405,0.029112,0.928,False,False,False,DQB1;DRB1;DQB1;DQB1;DRB1,DQB103;DRB1_Other;DQB102;DQB106;DRB101
class2,SLA-DQB1*04:04,SLA-DQB1,DQB1,2,1,0.395901,0.036807,0.946962,False,False,True,DQB1;DRB1;DQB1;DRB1;DRB1,DQB103;DQB104;DQB102;DRB1_Other;DRB101
class2,SLA-DQB1*04:03,SLA-DQB1,DQB1,4,1,0.365123,0.029482,0.930752,False,True,False,DQB1;DQB1;DQB1;DQB1;DRB1,DQB103;DQB104;DQB104;DQB106;DRB101
class2,SLA-DQB1*04:05,SLA-DQB1,DQB1,3,2,0.393314,0.029667,0.920136,False,False,False,DQB1;DQB1;DQB1;DRB1;DRB1,DQB103;DQB104;DQB102;DQB103;DRB101
class2,SLA-DQB1*05:01,SLA-DQB1,DRB1,3,2,0.33015,0.049437,0.893478,False,False,False,DRB1;DRB1;DQB1;DRB1;DQB1,DRB101;DRB107;DQB103;DRB101;DQB106
class2,SLA-DQB1*05:02,SLA-DQB1,DQB1,5,3,0.017902,0.935697,0.979813,True,True,False,DQB1;DQB1;DQB1;DQB1;DQB1,DQB103;DQB106;DQB103;DQB103;DQB106
class2,SLA-DQB1*05:03,SLA-DQB1,DQB1,5,2,0.045962,0.872334,0.980555,True,True,False,DQB1;DQB1;DQB1;DQB1;DQB1,DQB103;DQB106;DQB104;DQB103;DQB106
class2,SLA-DQB1*05:04,SLA-DQB1,DRB1,4,2,0.33348,0.027221,0.901775,False,True,False,DRB1;DRB1;DRB1;DRB1;DQB1,DRB101;DRB107;DRB104;DRB101;DQB106
class2,SLA-DQB1*06:01,SLA-DQB1,DQB1,4,3,0.411967,0.027054,0.972266,False,True,False,DQB1;DQB1;DQB1;DQB1;DRB1,DQB103;DQB103;DQB103;DQB106;DRB101
class2,SLA-DQB1*06:02:01,SLA-DQB1,DQB1,4,2,0.405747,0.034463,0.97458,False,True,False,DQB1;DQB1;DQB1;DQB1;DRB1,DQB103;DQB106;DQB104;DQB103;DRB101
class2,SLA-DQB1*07:01:01,SLA-DQB1,DRB1,3,2,0.37714,0.122144,0.933896,False,False,False,DRB1;DRB1;DQB1;DQB1;DRB1,DRB101;DRB1_Other;DQB102;DQB106;DRB101
class2,SLA-DQB1*08:01,SLA-DQB1,DQB1,3,3,0.437362,0.083778,0.937399,False,False,False,DRB1;DQB1;DRB1;DQB1;DQB1,DRB101;DQB103;DRB104;DQB103;DQB103
class2,SLA-DQB1*08:02,SLA-DQB1,DQB1,3,3,0.4375,0.08809,0.939518,False,False,False,DRB1;DQB1;DRB1;DQB1;DQB1,DRB101;DQB103;DRB104;DQB103;DQB103
class2,SLA-DQB1*08:03,SLA-DQB1,DQB1,3,3,0.479251,0.011306,0.969663,False,False,False,DRB1;DQB1;DRB1;DQB1;DQB1,DRB101;DQB103;DRB104;DQB103;DQB103
class2,SLA-DQB1*09:01,SLA-DQB1,DQB1,5,3,0.016557,0.936627,0.976976,True,True,False,DQB1;DQB1;DQB1;DQB1;DQB1,DQB103;DQB106;DQB102;DQB106;DQB106
class2,SLA-DQB1*09:02,SLA-DQB1,DQB1,3,1,0.343053,0.14258,0.915931,False,False,False,DQB1;DQB1;DQB1;DRB1;DRB1,DQB105;DQB103;DQB102;DQB106;DRB1_Other
class2,SLA-DQB1*10:01,SLA-DQB1,DQB1,3,2,0.41109,0.032815,0.901226,False,False,False,DQB1;DQB1;DQB1;DRB1;DRB1,DQB103;DQB103;DQB104;DRB1_Other;DRB1_Other
class2,SLA-DQB1*03:04,SLA-DQB1,DQB1,5,3,0.121916,0.614137,0.91072,True,True,False,DQB1;DQB1;DQB1;DQB1;DQB1,DQB103;DQB104;DQB104;DQB105;DQB104
class2,SLA-DQB1*11:01,SLA-DQB1,DQB1,3,2,0.401512,0.039472,0.953809,False,False,False,DRB1;DQB1;DRB1;DQB1;DQB1,DRB101;DQB103;DRB104;DQB103;DQB106
class2,SLA-DQB1*06:03,SLA-DQB1,DQB1,4,2,0.413109,0.031347,0.975687,False,True,False,DQB1;DQB1;DQB1;DQB1;DRB1,DQB103;DQB106;DQB104;DQB106;DRB101
class2,SLA-DQB1*08:06,SLA-DQB1,DRB1,3,2,0.395827,0.128156,0.949952,False,False,False,DRB1;DRB1;DQB1;DQB1;DRB1,DRB101;DRB1_Other;DQB102;DQB106;DRB101
class2,SLA-DQB1*10:02,SLA-DQB1,DRB1,3,2,0.412772,0.116601,0.972454,False,False,False,DRB1;DQB1;DRB1;DRB1;DQB1,DRB101;DQB103;DRB104;DRB101;DQB106
class2,SLA-DRB1*01:01,SLA-DRB1,DRB1,5,2,0.108388,0.636006,0.909683,True,True,False,DRB1;DRB1;DRB1;DRB1;DRB1,DRB115;DRB1_Other;DRB101;DRB101;DRB1_Other
class2,SLA-DRB1*01:02,SLA-DRB1,DRB1,5,2,0.138603,0.575886,0.9112,True,True,False,DRB1;DRB1;DRB1;DRB1;DRB1,DRB5_Other;DRB1_Other;DRB101;DRB101;DRB1_Other
class2,SLA-DRB1*02:01:01,SLA-DRB1,DRB1,5,3,0.195486,0.488718,0.951803,True,True,False,DRB1;DRB1;DRB1;DRB1;DRB1,DRB1_Other;DRB101;DRB101;DRB101;DRB1_Other
class2,SLA-DRB1*02:01:02,SLA-DRB1,DRB1,5,3,0.211104,0.456324,0.949412,True,True,False,DRB1;DRB1;DRB1;DRB1;DRB1,DRB1_Other;DRB101;DRB101;DRB101;DRB1_Other
class2,SLA-DRB1*02:01:03,SLA-DRB1,DRB1,5,3,0.21215,0.454595,0.950936,True,True,False,DRB1;DRB1;DRB1;DRB1;DRB1,DRB1_Other;DRB101;DRB101;DRB101;DRB1_Other
class2,SLA-DRB1*02:02,SLA-DRB1,DRB1,5,3,0.229677,0.412806,0.949112,True,True,False,DRB1;DRB1;DRB1;DRB1;DRB1,DRB1_Other;DRB101;DRB101;DRB101;DRB1_Other
class2,SLA-DRB1*02:03,SLA-DRB1,DRB1,5,3,0.229846,0.414705,0.954185,True,True,False,DRB1;DRB1;DRB1;DRB1;DRB1,DRB1_Other;DRB101;DRB101;DRB101;DRB4_Other
class2,SLA-DRB1*02:04,SLA-DRB1,DRB1,5,5,0.042111,0.829925,0.946271,True,True,False,DRB1;DRB1;DRB1;DRB1;DRB1,DRB101;DRB101;DRB101;DRB101;DRB101
class2,SLA-DRB1*02:05,SLA-DRB1,DRB1,5,2,0.090143,0.700012,0.9028,True,True,False,DRB1;DRB1;DRB1;DRB1;DRB1,DRB101;DRB101;DRB1_Other;DRB101;DRB1_Other
class2,SLA-DRB1*02:06,SLA-DRB1,DRB1,5,4,0.048864,0.850524,0.952266,True,True,False,DRB1;DRB1;DRB1;DRB1;DRB1,DRB101;DRB101;DRB1_Other;DRB101;DRB101
class2,SLA-DRB1*02:07,SLA-DRB1,DRB1,4,3,0.310275,0.206436,0.915909,False,True,False,DRB1;DRB1;DRB1;DRB1;DRB3,DRB1_Other;DRB1_Other;DRB1_Other;DRB101;DRB3_Other
class2,SLA-DRB1*02:08,SLA-DRB1,DRB1,5,3,0.199572,0.487422,0.948713,True,True,False,DRB1;DRB1;DRB1;DRB1;DRB1,DRB1_Other;DRB101;DRB101;DRB101;DRB1_Other
class2,SLA-DRB1*02:09,SLA-DRB1,DRB1,5,3,0.221504,0.431056,0.947174,True,True,False,DRB1;DRB1;DRB1;DRB1;DRB1,DRB1_Other;DRB101;DRB101;DRB101;DRB4_Other
class2,SLA-DRB1*03:01,SLA-DRB1,DRB1,5,4,0.022594,0.900051,0.950886,True,True,False,DRB1;DRB1;DRB1;DRB1;DRB1,DRB1_Other;DRB101;DRB101;DRB101;DRB101
class2,SLA-DRB1*04:01,SLA-DRB1,DRB1,4,1,0.235424,0.404489,0.977566,False,True,False,DRB1;DRB1;DRB1;DRB1;DRB3,DRB115;DRB113;DRB104;DRB5_Other;DRB3_Other
class2,SLA-DRB1*04:02,SLA-DRB1,DRB1,5,1,0.206894,0.407501,0.964693,True,True,False,DRB1;DRB1;DRB1;DRB1;DRB1,DRB115;DRB4_Other;DRB104;DRB5_Other;DRB1_Other
class2,SLA-DRB1*04:03,SLA-DRB1,DRB1,3,2,0.325109,0.173985,0.933017,False,False,False,DRB3;DRB1;DRB1;DRB1;DRB3,DRB3_Other;DRB113;DRB104;DRB113;DRB3_Other
class2,SLA-DRB1*04:04,SLA-DRB1,DRB1,5,3,0.161499,0.538443,0.979504,True,True,False,DRB1;DRB1;DRB1;DRB1;DRB1,DRB115;DRB113;DRB104;DRB115;DRB115
class2,SLA-DRB1*04:05,SLA-DRB1,DRB1,5,2,0.191849,0.440919,0.967941,True,True,False,DRB1;DRB1;DRB1;DRB1;DRB1,DRB115;DRB113;DRB104;DRB5_Other;DRB115
class2,SLA-DRB1*04:06,SLA-DRB1,DRB1,4,1,0.231984,0.417286,0.978016,False,True,False,DRB1;DRB1;DRB1;DRB1;DRB3,DRB115;DRB113;DRB104;DRB5_Other;DRB3_Other
class2,SLA-DRB1*05:01,SLA-DRB1,DRB1,5,3,0.179715,0.574629,0.971762,True,True,False,DRB1;DRB1;DRB1;DRB1;DRB1,DRB104;DRB113;DRB104;DRB104;DRB3_Other
class2,SLA-DRB1*05:02,SLA-DRB1,DRB1,5,4,0.1452,0.645272,0.978008,True,True,False,DRB1;DRB1;DRB1;DRB1;DRB1,DRB104;DRB104;DRB104;DRB104;DRB3_Other
class2,SLA-DRB1*05:03,SLA-DRB1,DRB1,5,3,0.172973,0.588743,0.97269,True,True,False,DRB1;DRB1;DRB1;DRB1;DRB1,DRB104;DRB113;DRB104;DRB104;DRB3_Other
class2,SLA-DRB1*05:04,SLA-DRB1,DRB1,5,2,0.17286,0.581626,0.980084,True,True,False,DRB1;DRB1;DRB1;DRB1;DRB1,DRB104;DRB4_Other;DRB104;DRB113;DRB113
class2,SLA-DRB1*05:05,SLA-DRB1,DRB1,5,2,0.158018,0.647788,0.973353,True,True,False,DRB1;DRB1;DRB1;DRB1;DRB1,DRB104;DRB115;DRB104;DRB115;DRB115
class2,SLA-DRB1*05:06,SLA-DRB1,DRB1,4,2,0.254053,0.338839,0.974681,False,True,False,DRB1;DRB1;DRB1;DRB1;DRB3,DRB104;DRB5_Other;DRB104;DRB113;DRB3_Other
class2,SLA-DRB1*05:07,SLA-DRB1,DRB1,5,4,0.028271,0.911902,0.978453,True,True,False,DRB1;DRB1;DRB1;DRB1;DRB1,DRB104;DRB104;DRB104;DRB104;DRB113
class2,SLA-DRB1*06:01,SLA-DRB1,DRB1,3,1,0.299441,0.241751,0.897353,False,False,False,DRB3;DRB1;DRB4;DRB1;DRB1,DRB3_Other;DRB107;DRB4_Other;DRB4_Other;DRB1_Other
class2,SLA-DRB1*06:02,SLA-DRB1,DRB1,4,1,0.217615,0.36951,0.877343,False,True,False,DRB3;DRB1;DRB1;DRB1;DRB1,DRB3_Other;DRB107;DRB101;DRB5_Other;DRB115
class2,SLA-DRB1*06:03,SLA-DRB1,DRB1,4,1,0.22606,0.360409,0.878318,False,True,False,DRB3;DRB1;DRB1;DRB1;DRB1,DRB3_Other;DRB107;DRB101;DRB5_Other;DRB115
class2,SLA-DRB1*06:04,SLA-DRB1,DRB1,5,3,0.059425,0.781318,0.91988,True,True,False,DRB1;DRB1;DRB1;DRB1;DRB1,DRB1_Other;DRB1_Other;DRB101;DRB1_Other;DRB115
class2,SLA-DRB1*06:05,SLA-DRB1,DRB1,3,3,0.41673,0.027585,0.98899,False,False,False,DRB1;DRB1;DRB1;DRB3;DRB3,DRB3_Other;DRB114;DRB114;DRB3_Other;DRB3_Other
class2,SLA-DRB1*07:01,SLA-DRB1,DRB3,2,2,0.495945,0.004651,0.952719,False,False,True,DRB3;DRB1;DRB1;DRB4;DRB3,DRB3_Other;DRB107;DRB112;DRB4_Other;DRB3_Other
class2,SLA-DRB1*07:02,SLA-DRB1,DRB1,4,3,0.285782,0.066597,0.812593,False,True,False,DRB1;DRB1;DRB1;DRB1;DRB3,DRB3_Other;DRB107;DRB112;DRB3_Other;DRB3_Other
class2,SLA-DRB1*07:03,SLA-DRB1,DRB1,3,2,0.317714,0.045121,0.738482,False,False,False,DRB3;DRB1;DRB1;DRB1;DRB3,DRB3_Other;DRB107;DRB112;DRB4_Other;DRB3_Other
class2,SLA-DRB1*08:01,SLA-DRB1,DRB1,5,4,0.019054,0.907219,0.953072,True,True,False,DRB1;DRB1;DRB1;DRB1;DRB1,DRB101;DRB1_Other;DRB101;DRB101;DRB101
class2,SLA-DRB1*08:02,SLA-DRB1,DRB1,5,4,0.0218,0.900798,0.953375,True,True,False,DRB1;DRB1;DRB1;DRB1;DRB1,DRB101;DRB1_Other;DRB101;DRB101;DRB101
class2,SLA-DRB1*08:03,SLA-DRB1,DRB1,5,4,0.019658,0.90337,0.952836,True,True,False,DRB1;DRB1;DRB1;DRB1;DRB1,DRB101;DRB1_Other;DRB101;DRB101;DRB101
class2,SLA-DRB1*08:04,SLA-DRB1,DRB1,5,3,0.075306,0.73574,0.93586,True,True,False,DRB1;DRB1;DRB1;DRB1;DRB1,DRB101;DRB1_Other;DRB1_Other;DRB101;DRB101
class2,SLA-DRB1*08:05,SLA-DRB1,DRB1,5,3,0.072598,0.759175,0.913821,True,True,False,DRB1;DRB1;DRB1;DRB1;DRB1,DRB101;DRB1_Other;DRB1_Other;DRB101;DRB1_Other
class2,SLA-DRB1*08:06,SLA-DRB1,DRB1,5,5,0.164764,0.522247,0.916392,True,True,False,DRB1;DRB1;DRB1;DRB1;DRB1,DRB1_Other;DRB1_Other;DRB1_Other;DRB1_Other;DRB1_Other
class2,SLA-DRB1*09:01:01,SLA-DRB1,DRB1,5,3,0.033972,0.86543,0.954229,True,True,False,DRB1;DRB1;DRB1;DRB1;DRB1,DRB101;DRB1_Other;DRB107;DRB1_Other;DRB1_Other
class2,SLA-DRB1*09:01:02,SLA-DRB1,DRB1,5,3,0.039717,0.853947,0.958246,True,True,False,DRB1;DRB1;DRB1;DRB1;DRB1,DRB101;DRB1_Other;DRB107;DRB1_Other;DRB1_Other
class2,SLA-DRB1*09:03,SLA-DRB1,DRB1,5,3,0.040853,0.847179,0.950454,True,True,False,DRB1;DRB1;DRB1;DRB1;DRB1,DRB101;DRB1_Other;DRB107;DRB1_Other;DRB1_Other
class2,SLA-DRB1*09:02,SLA-DRB1,DRB1,5,4,0.033478,0.866399,0.953615,True,True,False,DRB1;DRB1;DRB1;DRB1;DRB1,DRB1_Other;DRB1_Other;DRB107;DRB1_Other;DRB1_Other
class2,SLA-DRB1*10:01:01,SLA-DRB1,DRB1,5,4,0.023457,0.867158,0.931583,True,True,False,DRB1;DRB1;DRB1;DRB1;DRB1,DRB1_Other;DRB1_Other;DRB101;DRB1_Other;DRB1_Other
class2,SLA-DRB1*10:04,SLA-DRB1,DRB1,5,3,0.105593,0.691499,0.906421,True,True,False,DRB1;DRB1;DRB1;DRB1;DRB1,DRB1_Other;DRB1_Other;DRB101;DRB101;DRB1_Other
class2,SLA-DRB1*10:03,SLA-DRB1,DRB1,5,2,0.078247,0.739623,0.929738,True,True,False,DRB1;DRB1;DRB1;DRB1;DRB1,DRB101;DRB1_Other;DRB101;DRB101;DRB1_Other
class2,SLA-DRB1*10:05,SLA-DRB1,DRB1,5,3,0.009094,0.89575,0.9212,True,True,False,DRB1;DRB1;DRB1;DRB1;DRB1,DRB1_Other;DRB1_Other;DRB101;DRB101;DRB1_Other
class2,SLA-DRB1*10:02,SLA-DRB1,DRB1,5,3,0.009366,0.89443,0.920833,True,True,False,DRB1;DRB1;DRB1;DRB1;DRB1,DRB1_Other;DRB1_Other;DRB101;DRB101;DRB1_Other
class2,SLA-DRB1*11:01,SLA-DRB1,DRB1,4,2,0.382822,0.057778,0.978975,False,True,False,DRB3;DRB1;DRB1;DRB1;DRB1,DRB3_Other;DRB114;DRB104;DRB104;DRB3_Other
class2,SLA-DRB1*11:02,SLA-DRB1,DRB1,2,3,0.377247,0.214429,0.930835,False,False,True,DRB3;DRB1;DRB1;DRB3;DRB3,DRB3_Other;DRB113;DRB104;DRB3_Other;DRB3_Other
class2,SLA-DRB1*11:03,SLA-DRB1,DRB1,5,4,0.233066,0.479184,0.982685,True,True,False,DRB1;DRB1;DRB1;DRB1;DRB1,DRB104;DRB104;DRB104;DRB104;DRB3_Other
class2,SLA-DRB1*11:04,SLA-DRB1,DRB1,3,3,0.412791,0.041782,0.976718,False,False,False,DRB3;DRB1;DRB1;DRB1;DRB3,DRB3_Other;DRB113;DRB104;DRB3_Other;DRB3_Other
class2,SLA-DRB1*11:05,SLA-DRB1,DRB3,3,3,0.447757,0.016452,0.955289,False,False,False,DRB3;DRB1;DRB1;DRB3;DRB3,DRB3_Other;DRB113;DRB104;DRB3_Other;DRB3_Other
class2,SLA-DRB1*11:06,SLA-DRB1,DRB1,2,3,0.417392,0.037683,0.978162,False,False,True,DRB3;DRB1;DRB1;DRB3;DRB3,DRB3_Other;DRB113;DRB104;DRB3_Other;DRB3_Other
class2,SLA-DRB1*13:01,SLA-DRB1,DRB1,5,2,0.155994,0.581514,0.941257,True,True,False,DRB1;DRB1;DRB1;DRB1;DRB1,DRB4_Other;DRB1_Other;DRB101;DRB101;DRB1_Other
class2,SLA-DRB1*14:01,SLA-DRB1,DRB1,4,2,0.37593,0.055323,0.967648,False,True,False,DRB3;DRB1;DRB1;DRB1;DRB1,DRB3_Other;DRB113;DRB104;DRB104;DRB3_Other
class2,SLA-DRB1*13:02,SLA-DRB1,DRB1,5,2,0.131588,0.590102,0.909294,True,True,False,DRB1;DRB1;DRB1;DRB1;DRB1,DRB115;DRB1_Other;DRB101;DRB101;DRB1_Other
class2,SLA-DRB1*09:05,SLA-DRB1,DRB1,5,4,0.039116,0.851059,0.955341,True,True,False,DRB1;DRB1;DRB1;DRB1;DRB1,DRB1_Other;DRB1_Other;DRB107;DRB1_Other;DRB1_Other
class2,SLA-DRB1*10:06,SLA-DRB1,DRB1,5,3,0.101146,0.665991,0.91351,True,True,False,DRB1;DRB1;DRB1;DRB1;DRB1,DRB1_Other;DRB1_Other;DRB101;DRB101;DRB1_Other
class2,SLA-DRB1*01:03,SLA-DRB1,DRB1,5,4,0.057618,0.802888,0.927832,True,True,False,DRB1;DRB1;DRB1;DRB1;DRB1,DRB1_Other;DRB1_Other;DRB101;DRB1_Other;DRB1_Other
class2,SLA-DRB1*01:04,SLA-DRB1,DRB1,5,2,0.106539,0.65481,0.911309,True,True,False,DRB1;DRB1;DRB1;DRB1;DRB1,DRB104;DRB1_Other;DRB101;DRB101;DRB1_Other
class2,SLA-DRB1*03:02,SLA-DRB1,DRB1,5,4,0.054777,0.819213,0.950157,True,True,False,DRB1;DRB1;DRB1;DRB1;DRB1,DRB101;DRB101;DRB1_Other;DRB101;DRB101
class2,SLA-DRB1*16:01,SLA-DRB1,DRB1,5,4,0.069074,0.766893,0.949261,True,True,False,DRB1;DRB1;DRB1;DRB1;DRB1,DRB101;DRB1_Other;DRB101;DRB101;DRB101
class2,SLA-DRB1*16:02,SLA-DRB1,DRB1,5,4,0.04056,0.860043,0.942403,True,True,False,DRB1;DRB1;DRB1;DRB1;DRB1,DRB101;DRB101;DRB1_Other;DRB101;DRB101
class2,SLA-DRB1*14:02,SLA-DRB1,DRB1,4,2,0.259019,0.339841,0.978281,False,True,False,DRB1;DRB1;DRB1;DRB1;DRB3,DRB101;DRB101;DRB104;DRB1_Other;DRB3_Other
class2,SLA-DRB1*15:01,SLA-DRB1,DRB1,4,4,0.303804,0.283196,0.987682,False,True,False,DRB1;DRB1;DRB1;DRB1;DRB3,DRB104;DRB104;DRB104;DRB104;DRB3_Other
class2,SLA-DRB1*17:01,SLA-DRB1,DRB1,3,3,0.419701,0.171576,0.985473,False,False,False,DRB1;DRB1;DRB1;DRB3;DRB3,DRB104;DRB104;DRB104;DRB3_Other;DRB3_Other
class2,SLA-DRB1*15:02N,SLA-DRB1,DRB1,5,5,0.120833,0.700474,0.983956,True,True,False,DRB1;DRB1;DRB1;DRB1;DRB1,DRB104;DRB104;DRB104;DRB104;DRB104
class2,SLA-DRB1*15:03N,SLA-DRB1,DRB1,5,5,0.120833,0.700474,0.983956,True,True,False,DRB1;DRB1;DRB1;DRB1;DRB1,DRB104;DRB104;DRB104;DRB104;DRB104
class2,SLA-DRB1*09:06,SLA-DRB1,DRB1,5,3,0.038741,0.855242,0.957794,True,True,False,DRB1;DRB1;DRB1;DRB1;DRB1,DRB101;DRB1_Other;DRB107;DRB1_Other;DRB1_Other
class2,SLA-DRB1*10:07,SLA-DRB1,DRB1,5,3,0.006894,0.904521,0.921506,True,True,False,DRB1;DRB1;DRB1;DRB1;DRB1,DRB1_Other;DRB1_Other;DRB101;DRB101;DRB1_Other
class2,SLA-DRB1*09:07,SLA-DRB1,DRB1,5,3,0.021804,0.888982,0.945719,True,True,False,DRB1;DRB1;DRB1;DRB1;DRB1,DRB1_Other;DRB1_Other;DRB107;DRB101;DRB1_Other
class2,SLA-DRB1*10:08,SLA-DRB1,DRB1,5,3,0.106514,0.660251,0.921331,True,True,False,DRB1;DRB1;DRB1;DRB1;DRB1,DRB1_Other;DRB1_Other;DRB101;DRB101;DRB1_Other
class2,SLA-DRB1*07:04,SLA-DRB1,DRB1,2,2,0.19688,0.184429,0.593758,False,False,True,DRB1;DPB1;DRB3;DRB1;DQB1,DRB101;DPB1_Other;DRB3_Other;DPB1_Other;DQB106
class2,SLA-DRB1*01:05,SLA-DRB1,DRB1,5,1,0.111831,0.661873,0.936482,True,True,False,DRB1;DRB1;DRB1;DRB1;DRB1,DRB104;DRB1_Other;DRB107;DRB101;DRB1_Other
class2,SLA-DRB1*16:03,SLA-DRB1,DRB1,5,4,0.054152,0.804154,0.949868,True,True,False,DRB1;DRB1;DRB1;DRB1;DRB1,DRB101;DRB1_Other;DRB101;DRB101;DRB101
class2,SLA-DRB1*09:04,SLA-DRB1,DRB1,5,3,0.096824,0.701588,0.943287,True,True,False,DRB1;DRB1;DRB1;DRB1;DRB1,DRB101;DRB1_Other;DRB107;DRB1_Other;DRB1_Other
class2,SLA-DRB1*12:02,SLA-DRB1,DRB1,3,2,0.388879,0.090141,0.972293,False,False,False,DRB3;DRB1;DRB1;DRB1;DRB3,DRB3_Other;DRB113;DRB104;DRB104;DRB3_Other
class2,SLA-DRB1*12:03,SLA-DRB1,DRB1,3,3,0.386261,0.185404,0.972284,False,False,False,DRB3;DRB1;DRB1;DRB1;DRB3,DRB3_Other;DRB113;DRB104;DRB3_Other;DRB3_Other
class2,SLA-DRB1*12:01:02,SLA-DRB1,DRB1,3,2,0.361538,0.155835,0.975685,False,False,False,DRB3;DRB1;DRB1;DRB1;DRB3,DRB3_Other;DRB113;DRB104;DRB113;DRB3_Other
class2,SLA-DRB1*04:07,SLA-DRB1,DRB1,5,1,0.206527,0.408538,0.963721,True,True,False,DRB1;DRB1;DRB1;DRB1;DRB1,DRB115;DRB103;DRB104;DRB5_Other;DRB1_Other
class2,SLA-DRB1*04:08,SLA-DRB1,DRB1,5,1,0.171575,0.584561,0.98272,True,True,False,DRB1;DRB1;DRB1;DRB1;DRB1,DRB5_Other;DRB5_Other;DRB104;DRB103;DRB115
class2,SLA-DRB1*06:06,SLA-DRB1,DRB1,4,1,0.172083,0.389339,0.809495,False,True,False,DRB3;DRB1;DRB1;DRB1;DRB1,DRB3_Other;DRB1_Other;DRB101;DRB112;DRB115
class2,SLA-DRB1*11:07,SLA-DRB1,DRB1,5,4,0.169115,0.601682,0.986636,True,True,False,DRB1;DRB1;DRB1;DRB1;DRB1,DRB104;DRB104;DRB104;DRB104;DRB3_Other
class2,SLA-DRB1*11:08,SLA-DRB1,DRB1,3,2,0.318367,0.29242,0.982604,False,False,False,DRB1;DRB1;DRB1;DRB3;DRB3,DRB104;DRB5_Other;DRB104;DRB3_Other;DRB3_Other
class2,SLA-DRB1*12:01:01,SLA-DRB1,DRB1,3,2,0.415413,0.042058,0.968421,False,False,False,DRB3;DRB1;DRB1;DRB1;DRB3,DRB3_Other;DRB113;DRB104;DRB104;DRB3_Other
class2,SLA-DQB1*02:10,SLA-DQB1,DQB1,4,2,0.387832,0.051519,0.971434,False,True,False,DQB1;DQB1;DQB1;DQB1;DRB1,DQB103;DQB103;DQB102;DQB106;DRB101
class2,SLA-DQB1*02:11,SLA-DQB1,DQB1,3,1,0.385097,0.050174,0.972051,False,False,False,DQB1;DRB1;DQB1;DQB1;DRB1,DQB103;DRB1_Other;DQB102;DQB106;DRB101
class2,SLA-DQB1*03:05,SLA-DQB1,DQB1,4,2,0.377485,0.034958,0.93075,False,True,False,DQB1;DQB1;DQB1;DQB1;DRB1,DQB102;DQB104;DQB102;DQB105;DRB101
class2,SLA-DQB1*06:02:02,SLA-DQB1,DQB1,4,2,0.405747,0.034463,0.97458,False,True,False,DQB1;DQB1;DQB1;DQB1;DRB1,DQB103;DQB106;DQB104;DQB103;DRB101
class2,SLA-DQB1*07:01:02,SLA-DQB1,DRB1,3,2,0.37714,0.122144,0.933896,False,False,False,DRB1;DRB1;DQB1;DQB1;DRB1,DRB101;DRB1_Other;DQB102;DQB106;DRB101
class2,SLA-DQB1*07:01:03,SLA-DQB1,DRB1,3,2,0.37714,0.122144,0.933896,False,False,False,DRB1;DRB1;DQB1;DQB1;DRB1,DRB101;DRB1_Other;DQB102;DQB106;DRB101
class2,SLA-DQB1*08:04,SLA-DQB1,DQB1,3,3,0.433926,0.093167,0.936378,False,False,False,DRB1;DQB1;DRB1;DQB1;DQB1,DRB101;DQB103;DRB104;DQB103;DQB103
class2,SLA-DQB1*08:05,SLA-DQB1,DQB1,5,2,0.009719,0.957538,0.981696,True,True,False,DQB1;DQB1;DQB1;DQB1;DQB1,DQB103;DQB106;DQB103;DQB106;DQB106
class2,SLA-DRB1*02:11,SLA-DRB1,DRB1,5,3,0.130485,0.647102,0.954077,True,True,False,DRB1;DRB1;DRB1;DRB1;DRB1,DRB1_Other;DRB101;DRB101;DRB101;DRB1_Other
class2,SLA-DRB1*11:09,SLA-DRB1,DRB1,5,4,0.063983,0.835262,0.986707,True,True,False,DRB1;DRB1;DRB1;DRB1;DRB1,DRB104;DRB104;DRB104;DRB104;DRB113
class2,SLA-DRB1*10:01:02,SLA-DRB1,DRB1,5,3,0.007184,0.902978,0.920403,True,True,False,DRB1;DRB1;DRB1;DRB1;DRB1,DRB1_Other;DRB1_Other;DRB101;DRB101;DRB1_Other
class2,SLA-DRB1*04:10,SLA-DRB1,DRB1,4,1,0.229054,0.39795,0.981871,False,True,False,DRB1;DRB1;DRB1;DRB5;DRB1,DRB1_Other;DRB115;DRB104;DRB5_Other;DRB115
class2,SLA-DRB1*14:03,SLA-DRB1,DRB1,4,3,0.337315,0.186997,0.983773,False,True,False,DRB3;DRB1;DRB1;DRB1;DRB1,DRB3_Other;DRB113;DRB104;DRB113;DRB113
class2,SLA-DRB1*06:07,SLA-DRB1,DRB1,5,3,0.059425,0.781318,0.91988,True,True,False,DRB1;DRB1;DRB1;DRB1;DRB1,DRB1_Other;DRB1_Other;DRB101;DRB1_Other;DRB115
class2,SLA-DRB1*04:09,SLA-DRB1,DRB1,5,2,0.134734,0.642805,0.983488,True,True,False,DRB1;DRB1;DRB1;DRB1;DRB1,DRB115;DRB5_Other;DRB104;DRB113;DRB115
class2,SLA-DRB1*02:10,SLA-DRB1,DRB1,5,3,0.120386,0.660624,0.946932,True,True,False,DRB1;DRB1;DRB1;DRB1;DRB1,DRB1_Other;DRB101;DRB101;DRB101;DRB1_Other
class2,SLA-DRB1*12:05,SLA-DRB1,DRB1,4,2,0.382294,0.101141,0.977807,False,True,False,DRB3;DRB1;DRB1;DRB1;DRB1,DRB3_Other;DRB113;DRB104;DRB104;DRB113
class2,SLA-DQB1*02:12,SLA-DQB1,DQB1,4,2,0.371372,0.035424,0.929257,False,True,False,DQB1;DQB1;DQB1;DQB1;DRB1,DQB103;DQB104;DQB104;DQB106;DRB1_Other
class2,SLA-DQB1*07:02,SLA-DQB1,DRB1,3,2,0.345842,0.135951,0.887196,False,False,False,DRB1;DRB1;DQB1;DQB1;DRB1,DRB101;DRB1_Other;DQB102;DQB103;DRB101
class2,SLA-DRB1*14:04,SLA-DRB1,DRB1,4,2,0.377378,0.054772,0.967953,False,True,False,DRB3;DRB1;DRB1;DRB1;DRB1,DRB3_Other;DRB113;DRB104;DRB104;DRB3_Other
class2,SLA-DRB1*04:11,SLA-DRB1,DRB1,4,1,0.199406,0.433983,0.976092,False,True,False,DRB1;DRB1;DRB1;DRB1;DRB3,DRB115;DRB4_Other;DRB104;DRB115;DRB3_Other
