analysis,sla_locus,hla_subgroup,hla_locus,n_sla_sequences,mean_ensemble_probability,median_ensemble_probability,summed_ensemble_probability,sd_across_seeds,loo_mean_min,loo_mean_max,frac_sequences_top_subgroup,n_sequences_top_subgroup,mean_seeds_voting_this_subgroup
class1,SLA-1,A01,A,89,0.019054,0.011755,1.695826,0.017242,0.013885,0.022715,0.0,0,0.0562
class1,SLA-1,A02,A,89,0.06019,0.035799,5.356943,0.054344,0.044893,0.074709,0.1461,13,0.3596
class1,SLA-1,A03,A,89,0.069216,0.027666,6.160268,0.116367,0.017589,0.085694,0.1011,9,0.4831
class1,SLA-1,A11,A,89,0.008748,0.003724,0.778537,0.006654,0.006479,0.010426,0.0,0,0.0225
class1,SLA-1,A23,A,89,0.015498,0.009882,1.379337,0.014609,0.010555,0.019199,0.0112,1,0.0899
class1,SLA-1,A24,A,89,0.038896,0.013694,3.46176,0.046159,0.021316,0.048243,0.0899,8,0.1798
class1,SLA-1,A25,A,89,0.009753,0.006875,0.86802,0.007743,0.007667,0.011983,0.0,0,0.0
class1,SLA-1,A26,A,89,0.010932,0.003676,0.972923,0.006789,0.008992,0.01353,0.0112,1,0.0449
class1,SLA-1,A29,A,89,0.037709,0.010329,3.356105,0.047013,0.0224,0.047069,0.0674,6,0.2697
class1,SLA-1,A30,A,89,0.007724,0.002053,0.687441,0.006345,0.005198,0.009449,0.0,0,0.0112
class1,SLA-1,A31,A,89,0.004942,0.001354,0.439796,0.003612,0.003896,0.00611,0.0,0,0.0112
class1,SLA-1,A32,A,89,0.005485,0.003149,0.488126,0.006359,0.002699,0.006703,0.0,0,0.0112
class1,SLA-1,A33,A,89,0.009172,0.002141,0.816291,0.009333,0.00561,0.01121,0.0,0,0.0225
class1,SLA-1,A68,A,89,0.02598,0.007149,2.31224,0.021259,0.02023,0.031065,0.0225,2,0.1348
class1,SLA-1,A_Other,A,89,0.017586,0.0049,1.565149,0.015139,0.012333,0.021537,0.0112,1,0.0674
class1,SLA-1,B07,B,89,0.034216,0.019477,3.045216,0.033081,0.024453,0.042469,0.0225,2,0.1461
class1,SLA-1,B08,B,89,0.014505,0.005473,1.290948,0.019114,0.00613,0.017659,0.0,0,0.0674
class1,SLA-1,B13,B,89,0.012929,0.002538,1.15068,0.016891,0.005821,0.015867,0.0225,2,0.0899
class1,SLA-1,B14,B,89,0.010393,0.003468,0.925014,0.011035,0.005742,0.012472,0.0,0,0.0562
class1,SLA-1,B15,B,89,0.06049,0.021634,5.38358,0.037019,0.049475,0.073803,0.1124,10,0.3371
class1,SLA-1,B18,B,89,0.007391,0.003655,0.657769,0.010574,0.002723,0.00902,0.0,0,0.0337
class1,SLA-1,B27,B,89,0.010533,0.008636,0.937406,0.012585,0.005436,0.013001,0.0,0,0.0449
class1,SLA-1,B35,B,89,0.003038,0.001165,0.270347,0.002597,0.001939,0.003504,0.0,0,0.0
class1,SLA-1,B37,B,89,0.009793,0.003561,0.871537,0.010461,0.006296,0.012164,0.0,0,0.0337
class1,SLA-1,B38,B,89,0.003537,0.002004,0.314778,0.005224,0.001216,0.004371,0.0,0,0.0
class1,SLA-1,B39,B,89,0.002881,0.001653,0.256432,0.003017,0.001562,0.003364,0.0,0,0.0
class1,SLA-1,B40,B,89,0.10408,0.103784,9.263157,0.154041,0.040826,0.129354,0.2247,20,0.7416
class1,SLA-1,B41,B,89,0.017207,0.01008,1.53142,0.019597,0.009376,0.020885,0.0,0,0.0787
class1,SLA-1,B44,B,89,0.008165,0.003318,0.726647,0.004622,0.006891,0.009419,0.0112,1,0.0112
class1,SLA-1,B46,B,89,0.010883,0.005446,0.968544,0.007049,0.008679,0.013252,0.0,0,0.0225
class1,SLA-1,B49,B,89,0.00679,0.003067,0.604341,0.007327,0.004302,0.008446,0.0,0,0.0
class1,SLA-1,B50,B,89,0.009302,0.003839,0.827843,0.006952,0.007237,0.011538,0.0,0,0.0225
class1,SLA-1,B51,B,89,0.002651,0.00169,0.235901,0.002753,0.001498,0.003246,0.0,0,0.0
class1,SLA-1,B52,B,89,0.005322,0.002575,0.473675,0.00425,0.003796,0.00658,0.0,0,0.0
class1,SLA-1,B53,B,89,0.003934,0.003183,0.350142,0.003433,0.002946,0.004849,0.0,0,0.0
class1,SLA-1,B55,B,89,0.010249,0.003357,0.912202,0.007003,0.008447,0.012634,0.0,0,0.0225
class1,SLA-1,B56,B,89,0.009544,0.004942,0.849424,0.010706,0.00615,0.011876,0.0,0,0.0337
class1,SLA-1,B57,B,89,0.014288,0.007208,1.271612,0.010087,0.011097,0.017654,0.0112,1,0.0449
class1,SLA-1,B58,B,89,0.022767,0.017385,2.026229,0.024892,0.016124,0.02843,0.0,0,0.0562
class1,SLA-1,B_Other,B,89,0.046793,0.00648,4.164571,0.029332,0.038692,0.057381,0.0562,5,0.3146
class1,SLA-1,C01,C,89,0.014793,0.005322,1.316545,0.01151,0.010514,0.017242,0.0225,2,0.0449
class1,SLA-1,C02,C,89,0.009562,0.00588,0.851022,0.014421,0.003151,0.011699,0.0,0,0.0225
class1,SLA-1,C03,C,89,0.039619,0.022955,3.526133,0.057776,0.015677,0.049476,0.0112,1,0.2584
class1,SLA-1,C04,C,89,0.009731,0.004102,0.866103,0.010285,0.00569,0.012103,0.0,0,0.0337
class1,SLA-1,C05,C,89,0.020238,0.01052,1.801206,0.022467,0.013478,0.02516,0.0,0,0.1573
class1,SLA-1,C06,C,89,0.009221,0.003714,0.820654,0.013361,0.003287,0.011149,0.0,0,0.0225
class1,SLA-1,C07,C,89,0.013816,0.004886,1.229641,0.014578,0.008283,0.017132,0.0112,1,0.0674
class1,SLA-1,C08,C,89,0.034698,0.028367,3.088138,0.036653,0.022446,0.043104,0.0,0,0.1798
class1,SLA-1,C12,C,89,0.011353,0.008018,1.010383,0.009542,0.008493,0.014162,0.0112,1,0.0112
class1,SLA-1,C14,C,89,0.011534,0.00416,1.026516,0.010208,0.007626,0.014203,0.0225,2,0.0562
class1,SLA-1,C15,C,89,0.011877,0.009337,1.057032,0.01262,0.006475,0.014677,0.0,0,0.0449
class1,SLA-1,C16,C,89,0.009908,0.005239,0.881829,0.010781,0.005216,0.012024,0.0,0,0.0337
class1,SLA-1,C17,C,89,0.017535,0.009891,1.560607,0.022111,0.009631,0.021822,0.0,0,0.1461
class1,SLA-1,C_Other,C,89,0.003551,0.002719,0.316015,0.002448,0.002855,0.004218,0.0,0,0.0
class1,SLA-11,A01,A,2,0.010976,0.010976,0.021952,0.012425,0.006423,0.013537,0.0,0,0.0
class1,SLA-11,A02,A,2,0.099544,0.099544,0.199088,0.210477,0.005419,0.12372,0.0,0,1.0
class1,SLA-11,A03,A,2,0.016218,0.016218,0.032436,0.027709,0.003921,0.020145,0.0,0,0.0
class1,SLA-11,A11,A,2,0.002695,0.002695,0.00539,0.003654,0.001075,0.003227,0.0,0,0.0
class1,SLA-11,A23,A,2,0.03216,0.03216,0.06432,0.034589,0.019375,0.03971,0.0,0,0.0
class1,SLA-11,A24,A,2,0.023483,0.023483,0.046966,0.038375,0.006521,0.029288,0.0,0,0.0
class1,SLA-11,A25,A,2,0.02423,0.02423,0.048459,0.039153,0.006884,0.029763,0.0,0,0.0
class1,SLA-11,A26,A,2,0.005086,0.005086,0.010172,0.007519,0.001814,0.006342,0.0,0,0.0
class1,SLA-11,A29,A,2,0.037068,0.037068,0.074135,0.077583,0.002393,0.046288,0.0,0,1.0
class1,SLA-11,A30,A,2,0.009288,0.009288,0.018576,0.018714,0.000922,0.011525,0.0,0,0.0
class1,SLA-11,A31,A,2,0.005369,0.005369,0.010739,0.009227,0.001246,0.006466,0.0,0,0.0
class1,SLA-11,A32,A,2,0.006499,0.006499,0.012998,0.006777,0.003847,0.007957,0.0,0,0.0
class1,SLA-11,A33,A,2,0.006253,0.006253,0.012505,0.006178,0.004014,0.007799,0.0,0,0.0
class1,SLA-11,A68,A,2,0.009809,0.009809,0.019619,0.008804,0.007409,0.012175,0.0,0,0.0
class1,SLA-11,A_Other,A,2,0.006618,0.006618,0.013236,0.007808,0.003346,0.008037,0.0,0,0.0
class1,SLA-11,B07,B,2,0.011522,0.011522,0.023045,0.014257,0.00638,0.014268,0.0,0,0.0
class1,SLA-11,B08,B,2,0.023977,0.023977,0.047953,0.049265,0.001973,0.029927,0.0,0,0.0
class1,SLA-11,B13,B,2,0.019774,0.019774,0.039549,0.033076,0.005316,0.024605,0.0,0,0.0
class1,SLA-11,B14,B,2,0.021597,0.021597,0.043193,0.040532,0.003562,0.026954,0.0,0,0.5
class1,SLA-11,B15,B,2,0.002391,0.002391,0.004781,0.002071,0.001563,0.002828,0.0,0,0.0
class1,SLA-11,B18,B,2,0.000606,0.000606,0.001213,0.000402,0.000446,0.000691,0.0,0,0.0
class1,SLA-11,B27,B,2,0.042663,0.042663,0.085327,0.069358,0.011841,0.052863,0.0,0,1.0
class1,SLA-11,B35,B,2,0.000584,0.000584,0.001167,0.000167,0.000513,0.000622,0.0,0,0.0
class1,SLA-11,B37,B,2,0.017292,0.017292,0.034584,0.026005,0.005896,0.021436,0.0,0,0.0
class1,SLA-11,B38,B,2,0.007246,0.007246,0.014492,0.013799,0.001102,0.009018,0.0,0,0.0
class1,SLA-11,B39,B,2,0.004436,0.004436,0.008872,0.007313,0.001186,0.005543,0.0,0,0.0
class1,SLA-11,B40,B,2,0.149919,0.149919,0.299837,0.305079,0.013614,0.187304,1.0,2,1.0
class1,SLA-11,B41,B,2,0.010623,0.010623,0.021246,0.008647,0.008228,0.012235,0.0,0,0.0
class1,SLA-11,B44,B,2,0.00359,0.00359,0.007181,0.005353,0.001209,0.004384,0.0,0,0.0
class1,SLA-11,B46,B,2,0.015946,0.015946,0.031892,0.025125,0.004856,0.019804,0.0,0,0.0
class1,SLA-11,B49,B,2,0.018172,0.018172,0.036343,0.027703,0.006783,0.022689,0.0,0,0.0
class1,SLA-11,B50,B,2,0.020386,0.020386,0.040771,0.032619,0.006074,0.025432,0.0,0,0.0
class1,SLA-11,B51,B,2,0.00309,0.00309,0.00618,0.003879,0.00146,0.00386,0.0,0,0.0
class1,SLA-11,B52,B,2,0.011233,0.011233,0.022467,0.017561,0.003794,0.013979,0.0,0,0.0
class1,SLA-11,B53,B,2,0.007637,0.007637,0.015274,0.008963,0.004139,0.009513,0.0,0,0.0
class1,SLA-11,B55,B,2,0.024151,0.024151,0.048302,0.034546,0.010199,0.030144,0.0,0,0.0
class1,SLA-11,B56,B,2,0.02723,0.02723,0.05446,0.038993,0.010924,0.034014,0.0,0,0.5
class1,SLA-11,B57,B,2,0.014329,0.014329,0.028659,0.012291,0.010782,0.017719,0.0,0,0.0
class1,SLA-11,B58,B,2,0.031301,0.031301,0.062603,0.041107,0.015068,0.039107,0.0,0,0.0
class1,SLA-11,B_Other,B,2,0.021083,0.021083,0.042166,0.034722,0.005657,0.026029,0.0,0,0.0
class1,SLA-11,C01,C,2,0.01356,0.01356,0.027121,0.011814,0.009935,0.016676,0.0,0,0.0
class1,SLA-11,C02,C,2,0.01522,0.01522,0.030439,0.020547,0.00647,0.018943,0.0,0,0.0
class1,SLA-11,C03,C,2,0.015436,0.015436,0.030872,0.02069,0.009031,0.019286,0.0,0,0.0
class1,SLA-11,C04,C,2,0.00369,0.00369,0.00738,0.005239,0.001473,0.00459,0.0,0,0.0
class1,SLA-11,C05,C,2,0.005851,0.005851,0.011703,0.00693,0.003127,0.00724,0.0,0,0.0
class1,SLA-11,C06,C,2,0.0015,0.0015,0.003,0.001732,0.000746,0.001859,0.0,0,0.0
class1,SLA-11,C07,C,2,0.001814,0.001814,0.003629,0.001992,0.00101,0.00223,0.0,0,0.0
class1,SLA-11,C08,C,2,0.042216,0.042216,0.084433,0.061948,0.017511,0.052767,0.0,0,0.0
class1,SLA-11,C12,C,2,0.005658,0.005658,0.011317,0.005866,0.003948,0.007072,0.0,0,0.0
class1,SLA-11,C14,C,2,0.005597,0.005597,0.011193,0.004581,0.004529,0.006952,0.0,0,0.0
class1,SLA-11,C15,C,2,0.014405,0.014405,0.02881,0.02447,0.003512,0.017772,0.0,0,0.0
class1,SLA-11,C16,C,2,0.022798,0.022798,0.045596,0.043572,0.003411,0.028406,0.0,0,0.0
class1,SLA-11,C17,C,2,0.036662,0.036662,0.073323,0.047237,0.016056,0.045645,0.0,0,0.0
class1,SLA-11,C_Other,C,2,0.009519,0.009519,0.019038,0.011667,0.004878,0.011783,0.0,0,0.0
class1,SLA-12,A01,A,6,0.002724,0.002466,0.016344,0.000828,0.002376,0.002931,0.0,0,0.0
class1,SLA-12,A02,A,6,0.011016,0.010525,0.066093,0.019519,0.002308,0.013637,0.0,0,0.0
class1,SLA-12,A03,A,6,0.061249,0.066242,0.367497,0.127943,0.004045,0.076403,0.0,0,0.8333
class1,SLA-12,A11,A,6,0.003535,0.002978,0.02121,0.004502,0.001553,0.004303,0.0,0,0.0
class1,SLA-12,A23,A,6,0.031317,0.029035,0.1879,0.02662,0.020309,0.038262,0.0,0,0.1667
class1,SLA-12,A24,A,6,0.035153,0.036734,0.210921,0.069397,0.004166,0.043855,0.0,0,0.3333
class1,SLA-12,A25,A,6,0.09558,0.097521,0.57348,0.108342,0.052619,0.119131,0.8333,5,1.0
class1,SLA-12,A26,A,6,0.006766,0.006895,0.040595,0.006281,0.004372,0.008343,0.0,0,0.0
class1,SLA-12,A29,A,6,0.021758,0.019916,0.130545,0.032835,0.007466,0.027151,0.0,0,0.0
class1,SLA-12,A30,A,6,0.005609,0.004867,0.033651,0.004441,0.003812,0.006623,0.0,0,0.0
class1,SLA-12,A31,A,6,0.006203,0.003319,0.037217,0.00726,0.003339,0.007636,0.0,0,0.0
class1,SLA-12,A32,A,6,0.02106,0.017917,0.12636,0.022716,0.011331,0.025218,0.0,0,0.0
class1,SLA-12,A33,A,6,0.010447,0.010035,0.062683,0.008881,0.006673,0.012121,0.0,0,0.0
class1,SLA-12,A68,A,6,0.028731,0.03323,0.172387,0.042327,0.010076,0.035583,0.0,0,0.0
class1,SLA-12,A_Other,A,6,0.017811,0.016532,0.106864,0.015939,0.011249,0.021337,0.0,0,0.0
class1,SLA-12,B07,B,6,0.005647,0.005411,0.033881,0.008047,0.002306,0.00701,0.0,0,0.0
class1,SLA-12,B08,B,6,0.015651,0.012341,0.093907,0.026244,0.004023,0.019473,0.0,0,0.1667
class1,SLA-12,B13,B,6,0.009688,0.008977,0.05813,0.013499,0.003938,0.011976,0.0,0,0.0
class1,SLA-12,B14,B,6,0.010068,0.009859,0.060407,0.006624,0.00743,0.011672,0.0,0,0.0
class1,SLA-12,B15,B,6,0.007726,0.007691,0.046354,0.00799,0.004612,0.009626,0.0,0,0.0
class1,SLA-12,B18,B,6,0.015231,0.015764,0.091386,0.031562,0.001119,0.018877,0.0,0,0.0
class1,SLA-12,B27,B,6,0.010865,0.010332,0.065191,0.014264,0.004752,0.01349,0.0,0,0.0
class1,SLA-12,B35,B,6,0.001092,0.001093,0.006549,0.000768,0.000892,0.001335,0.0,0,0.0
class1,SLA-12,B37,B,6,0.014122,0.011829,0.084735,0.014597,0.008089,0.017358,0.0,0,0.0
class1,SLA-12,B38,B,6,0.011891,0.009151,0.071347,0.013958,0.006148,0.01467,0.0,0,0.0
class1,SLA-12,B39,B,6,0.00317,0.00255,0.019019,0.00295,0.002031,0.003772,0.0,0,0.0
class1,SLA-12,B40,B,6,0.020053,0.019483,0.120316,0.031987,0.006387,0.025057,0.0,0,0.0
class1,SLA-12,B41,B,6,0.048823,0.050502,0.292937,0.09279,0.007438,0.060357,0.0,0,0.6667
class1,SLA-12,B44,B,6,0.008224,0.007983,0.049346,0.007016,0.005762,0.010256,0.0,0,0.0
class1,SLA-12,B46,B,6,0.011385,0.009595,0.068309,0.009354,0.008702,0.014081,0.0,0,0.0
class1,SLA-12,B49,B,6,0.007019,0.006891,0.042113,0.006449,0.004427,0.00842,0.0,0,0.0
class1,SLA-12,B50,B,6,0.009839,0.009698,0.059036,0.008442,0.006607,0.012171,0.0,0,0.0
class1,SLA-12,B51,B,6,0.011125,0.011246,0.066748,0.019607,0.002388,0.013741,0.0,0,0.0
class1,SLA-12,B52,B,6,0.011922,0.013222,0.07153,0.012152,0.007823,0.014634,0.0,0,0.0
class1,SLA-12,B53,B,6,0.011149,0.011055,0.066894,0.008686,0.008942,0.013794,0.0,0,0.0
class1,SLA-12,B55,B,6,0.006282,0.005614,0.037692,0.007266,0.003075,0.007534,0.0,0,0.0
class1,SLA-12,B56,B,6,0.006219,0.006232,0.037312,0.007474,0.003244,0.007656,0.0,0,0.0
class1,SLA-12,B57,B,6,0.034878,0.03648,0.209268,0.021628,0.025887,0.040234,0.0,0,0.0
class1,SLA-12,B58,B,6,0.021805,0.023959,0.130827,0.027531,0.011299,0.027042,0.0,0,0.0
class1,SLA-12,B_Other,B,6,0.006354,0.00559,0.038126,0.009193,0.002262,0.007667,0.0,0,0.0
class1,SLA-12,C01,C,6,0.013296,0.009442,0.079777,0.009019,0.009804,0.015858,0.0,0,0.0
class1,SLA-12,C02,C,6,0.015379,0.014738,0.092273,0.02152,0.006536,0.019148,0.0,0,0.0
class1,SLA-12,C03,C,6,0.002138,0.002027,0.01283,0.002531,0.00111,0.002637,0.0,0,0.0
class1,SLA-12,C04,C,6,0.014335,0.015387,0.086012,0.030804,0.000561,0.01789,0.0,0,0.0
class1,SLA-12,C05,C,6,0.035817,0.036309,0.214901,0.041076,0.02126,0.04461,0.0,0,0.0
class1,SLA-12,C06,C,6,0.0024,0.002353,0.014397,0.00281,0.001178,0.002909,0.0,0,0.0
class1,SLA-12,C07,C,6,0.001751,0.001336,0.010509,0.001839,0.00117,0.002138,0.0,0,0.0
class1,SLA-12,C08,C,6,0.053349,0.053012,0.320095,0.088461,0.014194,0.066609,0.0,0,0.1667
class1,SLA-12,C12,C,6,0.012994,0.010651,0.077966,0.010012,0.009326,0.016179,0.0,0,0.0
class1,SLA-12,C14,C,6,0.021081,0.021523,0.126489,0.017724,0.014459,0.025927,0.0,0,0.0
class1,SLA-12,C15,C,6,0.016571,0.016844,0.099424,0.016854,0.010021,0.020502,0.0,0,0.0
class1,SLA-12,C16,C,6,0.065721,0.063591,0.394325,0.128605,0.008266,0.081763,0.1667,1,1.0
class1,SLA-12,C17,C,6,0.059729,0.061466,0.358372,0.077606,0.034547,0.074079,0.0,0,0.6667
class1,SLA-12,C_Other,C,6,0.006253,0.006235,0.037519,0.00455,0.004718,0.007388,0.0,0,0.0
class1,SLA-2,A01,A,97,0.023751,0.010265,2.303827,0.022038,0.015533,0.028976,0.0103,1,0.0825
class1,SLA-2,A02,A,97,0.031694,0.020864,3.07434,0.035866,0.016815,0.038491,0.0103,1,0.134
class1,SLA-2,A03,A,97,0.063349,0.031428,6.144844,0.095635,0.021016,0.078422,0.1031,10,0.4845
class1,SLA-2,A11,A,97,0.00923,0.004005,0.895313,0.003094,0.008587,0.010519,0.0,0,0.0
class1,SLA-2,A23,A,97,0.013427,0.009256,1.302429,0.012592,0.009365,0.016478,0.0,0,0.0309
class1,SLA-2,A24,A,97,0.037829,0.0129,3.66938,0.034601,0.027488,0.046628,0.0928,9,0.1856
class1,SLA-2,A25,A,97,0.014858,0.007785,1.441191,0.014856,0.008739,0.018085,0.0103,1,0.0619
class1,SLA-2,A26,A,97,0.007276,0.002168,0.705761,0.005007,0.006102,0.008968,0.0,0,0.0103
class1,SLA-2,A29,A,97,0.025213,0.003304,2.445689,0.035008,0.011169,0.031463,0.0412,4,0.1546
class1,SLA-2,A30,A,97,0.012341,0.00175,1.19706,0.01181,0.007921,0.015208,0.0103,1,0.0619
class1,SLA-2,A31,A,97,0.003593,0.001833,0.348474,0.003559,0.00206,0.004329,0.0,0,0.0
class1,SLA-2,A32,A,97,0.006283,0.003328,0.609473,0.006835,0.003362,0.007642,0.0,0,0.0206
class1,SLA-2,A33,A,97,0.007304,0.004019,0.708506,0.00727,0.004536,0.008725,0.0,0,0.0103
class1,SLA-2,A68,A,97,0.038917,0.006888,3.774961,0.013525,0.033417,0.042204,0.0825,8,0.2784
class1,SLA-2,A_Other,A,97,0.01244,0.003495,1.206642,0.008841,0.010415,0.015042,0.0,0,0.0515
class1,SLA-2,B07,B,97,0.024657,0.010601,2.391764,0.026395,0.015405,0.030215,0.0,0,0.1237
class1,SLA-2,B08,B,97,0.026071,0.014995,2.528859,0.04556,0.005814,0.032172,0.0206,2,0.134
class1,SLA-2,B13,B,97,0.02124,0.008756,2.06027,0.027361,0.009656,0.025986,0.0206,2,0.1546
class1,SLA-2,B14,B,97,0.012956,0.00934,1.256684,0.014176,0.007029,0.015421,0.0103,1,0.0515
class1,SLA-2,B15,B,97,0.044655,0.007273,4.331556,0.025801,0.034001,0.050081,0.1134,11,0.2784
class1,SLA-2,B18,B,97,0.006377,0.003388,0.618597,0.008774,0.002571,0.00775,0.0,0,0.0
class1,SLA-2,B27,B,97,0.019681,0.010522,1.909027,0.028331,0.007116,0.023697,0.0,0,0.1443
class1,SLA-2,B35,B,97,0.002354,0.00132,0.228347,0.001351,0.001972,0.002721,0.0,0,0.0
class1,SLA-2,B37,B,97,0.022419,0.013116,2.174653,0.027502,0.010311,0.027126,0.0103,1,0.1649
class1,SLA-2,B38,B,97,0.005255,0.004155,0.509746,0.00641,0.002449,0.006353,0.0,0,0.0
class1,SLA-2,B39,B,97,0.003569,0.00231,0.34623,0.003545,0.002178,0.004362,0.0,0,0.0
class1,SLA-2,B40,B,97,0.114659,0.074344,11.121875,0.138831,0.063398,0.143158,0.2887,28,0.7938
class1,SLA-2,B41,B,97,0.031819,0.014482,3.086439,0.033324,0.017431,0.037893,0.0309,3,0.1649
class1,SLA-2,B44,B,97,0.012009,0.004973,1.164875,0.01416,0.005682,0.013802,0.0,0,0.0103
class1,SLA-2,B46,B,97,0.011101,0.005466,1.076842,0.007321,0.009278,0.013578,0.0,0,0.0309
class1,SLA-2,B49,B,97,0.016637,0.009402,1.613744,0.020537,0.008501,0.02007,0.0,0,0.0722
class1,SLA-2,B50,B,97,0.021651,0.012334,2.100139,0.016604,0.015954,0.025525,0.0,0,0.0722
class1,SLA-2,B51,B,97,0.00658,0.001595,0.638284,0.004551,0.005023,0.007942,0.0,0,0.0309
class1,SLA-2,B52,B,97,0.009256,0.007382,0.897801,0.007331,0.006605,0.011145,0.0,0,0.0103
class1,SLA-2,B53,B,97,0.006503,0.005926,0.630753,0.007299,0.003542,0.008064,0.0,0,0.0
class1,SLA-2,B55,B,97,0.01547,0.007528,1.500563,0.013911,0.011901,0.01911,0.0,0,0.0619
class1,SLA-2,B56,B,97,0.012925,0.009217,1.253751,0.014752,0.008527,0.015949,0.0,0,0.0103
class1,SLA-2,B57,B,97,0.018089,0.009036,1.75462,0.009965,0.016078,0.022096,0.0,0,0.0928
class1,SLA-2,B58,B,97,0.025669,0.019509,2.489906,0.02738,0.016485,0.031996,0.0,0,0.1237
class1,SLA-2,B_Other,B,97,0.036463,0.012779,3.536937,0.020374,0.030371,0.043806,0.0722,7,0.2268
class1,SLA-2,C01,C,97,0.010521,0.005682,1.020556,0.006498,0.007935,0.011915,0.0,0,0.0309
class1,SLA-2,C02,C,97,0.008598,0.005671,0.834014,0.01364,0.002522,0.010515,0.0,0,0.0206
class1,SLA-2,C03,C,97,0.023365,0.00999,2.266404,0.032179,0.010464,0.029171,0.0206,2,0.1546
class1,SLA-2,C04,C,97,0.006549,0.004072,0.635227,0.006991,0.003846,0.008104,0.0,0,0.0
class1,SLA-2,C05,C,97,0.015012,0.009152,1.45617,0.016042,0.00937,0.01868,0.0103,1,0.0619
class1,SLA-2,C06,C,97,0.006809,0.003256,0.660456,0.006693,0.00444,0.008196,0.0,0,0.0103
class1,SLA-2,C07,C,97,0.007873,0.003344,0.763688,0.006886,0.005433,0.009536,0.0103,1,0.0103
class1,SLA-2,C08,C,97,0.030424,0.022658,2.951127,0.033053,0.020431,0.037951,0.0103,1,0.2062
class1,SLA-2,C12,C,97,0.008741,0.003837,0.847918,0.008478,0.006268,0.010904,0.0,0,0.0206
class1,SLA-2,C14,C,97,0.009088,0.005692,0.881518,0.006251,0.006695,0.010498,0.0,0,0.0412
class1,SLA-2,C15,C,97,0.008361,0.006548,0.811041,0.007704,0.005248,0.010297,0.0,0,0.0103
class1,SLA-2,C16,C,97,0.008914,0.005265,0.864688,0.01073,0.004181,0.010842,0.0,0,0.0206
class1,SLA-2,C17,C,97,0.015831,0.010221,1.535572,0.01983,0.008021,0.019579,0.0206,2,0.0928
class1,SLA-2,C_Other,C,97,0.004345,0.004168,0.421468,0.002702,0.003518,0.00509,0.0,0,0.0
class1,SLA-3,A01,A,43,0.038778,0.03523,1.667434,0.059246,0.013173,0.048311,0.0,0,0.0
class1,SLA-3,A02,A,43,0.091008,0.072792,3.913355,0.0793,0.066346,0.111553,0.3256,14,0.4186
class1,SLA-3,A03,A,43,0.079583,0.069919,3.422058,0.172791,0.00231,0.099407,0.0233,1,0.814
class1,SLA-3,A11,A,43,0.008342,0.00667,0.358713,0.010437,0.003963,0.010207,0.0,0,0.0
class1,SLA-3,A23,A,43,0.011276,0.006221,0.484864,0.011766,0.007324,0.014024,0.0,0,0.0233
class1,SLA-3,A24,A,43,0.016387,0.012546,0.704651,0.026035,0.004906,0.020216,0.0,0,0.0233
class1,SLA-3,A25,A,43,0.005879,0.00405,0.252776,0.006122,0.004201,0.007151,0.0,0,0.0
class1,SLA-3,A26,A,43,0.007104,0.001458,0.305452,0.01223,0.001652,0.008787,0.0,0,0.0465
class1,SLA-3,A29,A,43,0.064582,0.062633,2.777016,0.114147,0.01436,0.080714,0.0465,2,0.5814
class1,SLA-3,A30,A,43,0.00705,0.001704,0.303157,0.010812,0.002289,0.008772,0.0,0,0.0233
class1,SLA-3,A31,A,43,0.001645,0.001354,0.070724,0.001149,0.001367,0.001967,0.0,0,0.0
class1,SLA-3,A32,A,43,0.0046,0.00252,0.197819,0.005872,0.002441,0.005703,0.0,0,0.0
class1,SLA-3,A33,A,43,0.003187,0.002648,0.13705,0.003256,0.001918,0.003967,0.0,0,0.0
class1,SLA-3,A68,A,43,0.012752,0.007734,0.548349,0.01355,0.007286,0.015601,0.0,0,0.0233
class1,SLA-3,A_Other,A,43,0.010562,0.002024,0.454176,0.019375,0.0019,0.012847,0.0,0,0.0465
class1,SLA-3,B07,B,43,0.059187,0.02944,2.545034,0.064482,0.035256,0.073904,0.1395,6,0.3953
class1,SLA-3,B08,B,43,0.027123,0.022759,1.166297,0.031529,0.013535,0.032958,0.0,0,0.0233
class1,SLA-3,B13,B,43,0.00852,0.000653,0.366366,0.014415,0.002198,0.010617,0.0,0,0.186
class1,SLA-3,B14,B,43,0.006192,0.004226,0.266255,0.008478,0.002569,0.007721,0.0,0,0.0233
class1,SLA-3,B15,B,43,0.027021,0.018469,1.161888,0.022376,0.019953,0.032708,0.0233,1,0.0698
class1,SLA-3,B18,B,43,0.011606,0.003331,0.499041,0.016817,0.004704,0.014463,0.0,0,0.0233
class1,SLA-3,B27,B,43,0.016464,0.010557,0.707967,0.029796,0.003325,0.020487,0.0,0,0.186
class1,SLA-3,B35,B,43,0.003011,0.001056,0.12947,0.003661,0.001405,0.003622,0.0,0,0.0
class1,SLA-3,B37,B,43,0.004775,0.00126,0.205322,0.008048,0.0012,0.005915,0.0,0,0.0
class1,SLA-3,B38,B,43,0.001942,0.001602,0.083516,0.00271,0.000783,0.002421,0.0,0,0.0
class1,SLA-3,B39,B,43,0.002007,0.000717,0.086305,0.002027,0.001323,0.002506,0.0,0,0.0
class1,SLA-3,B40,B,43,0.139426,0.137963,5.995326,0.229645,0.039669,0.174106,0.4419,19,0.9535
class1,SLA-3,B41,B,43,0.010291,0.003161,0.442534,0.009664,0.006289,0.01233,0.0,0,0.0
class1,SLA-3,B44,B,43,0.004414,0.002417,0.189808,0.003785,0.003051,0.005399,0.0,0,0.0
class1,SLA-3,B46,B,43,0.00621,0.005319,0.267045,0.005987,0.004082,0.007694,0.0,0,0.0
class1,SLA-3,B49,B,43,0.003657,0.000757,0.157256,0.004761,0.001815,0.004549,0.0,0,0.0
class1,SLA-3,B50,B,43,0.008795,0.001805,0.378195,0.010002,0.00485,0.010965,0.0,0,0.0
class1,SLA-3,B51,B,43,0.002139,0.001908,0.091957,0.00287,0.000871,0.002646,0.0,0,0.0
class1,SLA-3,B52,B,43,0.002023,0.000858,0.087002,0.001772,0.001611,0.002502,0.0,0,0.0
class1,SLA-3,B53,B,43,0.003933,0.002488,0.169115,0.004447,0.002502,0.004883,0.0,0,0.0
class1,SLA-3,B55,B,43,0.00841,0.00256,0.361619,0.011654,0.003969,0.010504,0.0,0,0.0233
class1,SLA-3,B56,B,43,0.009169,0.003484,0.394286,0.012617,0.004709,0.011456,0.0,0,0.0
class1,SLA-3,B57,B,43,0.008459,0.007869,0.363718,0.009552,0.004452,0.010505,0.0,0,0.0
class1,SLA-3,B58,B,43,0.02875,0.02863,1.236256,0.036805,0.016082,0.035934,0.0,0,0.0465
class1,SLA-3,B_Other,B,43,0.034025,0.010399,1.463093,0.034393,0.02061,0.042275,0.0,0,0.2558
class1,SLA-3,C01,C,43,0.005364,0.004628,0.230673,0.003326,0.00412,0.006377,0.0,0,0.0
class1,SLA-3,C02,C,43,0.005886,0.003512,0.253114,0.010577,0.001177,0.007305,0.0,0,0.0233
class1,SLA-3,C03,C,43,0.01838,0.014945,0.790335,0.02667,0.006945,0.022959,0.0,0,0.093
class1,SLA-3,C04,C,43,0.005065,0.003174,0.21781,0.005718,0.002714,0.00628,0.0,0,0.0
class1,SLA-3,C05,C,43,0.023964,0.005675,1.03046,0.040457,0.006149,0.029944,0.0,0,0.2326
class1,SLA-3,C06,C,43,0.018842,0.015358,0.810194,0.024812,0.008361,0.023395,0.0,0,0.0233
class1,SLA-3,C07,C,43,0.048886,0.042201,2.102118,0.043711,0.037835,0.060898,0.0,0,0.2558
class1,SLA-3,C08,C,43,0.027111,0.025416,1.165771,0.031673,0.014617,0.033886,0.0,0,0.093
class1,SLA-3,C12,C,43,0.00904,0.010144,0.388709,0.013957,0.002924,0.011274,0.0,0,0.0
class1,SLA-3,C14,C,43,0.005851,0.004682,0.251582,0.008144,0.002541,0.007274,0.0,0,0.0
class1,SLA-3,C15,C,43,0.007582,0.0047,0.326015,0.008749,0.004381,0.009383,0.0,0,0.0465
class1,SLA-3,C16,C,43,0.008794,0.006187,0.37814,0.011962,0.003681,0.010929,0.0,0,0.0233
class1,SLA-3,C17,C,43,0.010665,0.003757,0.45858,0.013254,0.006129,0.013272,0.0,0,0.0233
class1,SLA-3,C_Other,C,43,0.004285,0.004477,0.184236,0.004715,0.002496,0.005177,0.0,0,0.0
class1,SLA-6,A01,A,10,0.005391,0.005465,0.053913,0.009832,0.001009,0.006705,0.0,0,0.0
class1,SLA-6,A02,A,10,0.001829,0.001816,0.018289,0.003325,0.000346,0.002283,0.0,0,0.0
class1,SLA-6,A03,A,10,0.001071,0.001068,0.010707,0.000852,0.000821,0.00131,0.0,0,0.0
class1,SLA-6,A11,A,10,0.00158,0.00161,0.015801,0.001674,0.000875,0.001953,0.0,0,0.0
class1,SLA-6,A23,A,10,0.012517,0.012372,0.125168,0.012598,0.007516,0.015579,0.0,0,0.0
class1,SLA-6,A24,A,10,0.03081,0.030113,0.3081,0.050799,0.008787,0.03847,0.0,0,0.0
class1,SLA-6,A25,A,10,0.009069,0.009197,0.090693,0.010714,0.004538,0.010774,0.0,0,0.0
class1,SLA-6,A26,A,10,0.009165,0.009399,0.091651,0.018235,0.001016,0.011391,0.0,0,0.0
class1,SLA-6,A29,A,10,0.00231,0.002291,0.023101,0.002049,0.001655,0.002859,0.0,0,0.0
class1,SLA-6,A30,A,10,0.001772,0.00178,0.017716,0.000882,0.001566,0.002119,0.0,0,0.0
class1,SLA-6,A31,A,10,0.003004,0.002969,0.030044,0.003865,0.001334,0.003646,0.0,0,0.0
class1,SLA-6,A32,A,10,0.004776,0.004838,0.047759,0.001716,0.004249,0.005431,0.0,0,0.0
class1,SLA-6,A33,A,10,0.002676,0.002662,0.026759,0.001932,0.002217,0.003328,0.0,0,0.0
class1,SLA-6,A68,A,10,0.001417,0.001416,0.014168,0.00123,0.000957,0.001748,0.0,0,0.0
class1,SLA-6,A_Other,A,10,0.007399,0.007443,0.073994,0.00645,0.004979,0.00905,0.0,0,0.0
class1,SLA-6,B07,B,10,0.003386,0.003474,0.033862,0.00354,0.001995,0.004048,0.0,0,0.0
class1,SLA-6,B08,B,10,0.010818,0.010845,0.108181,0.016878,0.003674,0.013457,0.0,0,0.0
class1,SLA-6,B13,B,10,0.030994,0.031049,0.309938,0.031384,0.020107,0.038675,0.0,0,0.0
class1,SLA-6,B14,B,10,0.03086,0.030556,0.3086,0.042161,0.013259,0.038524,0.0,0,0.0
class1,SLA-6,B15,B,10,0.000559,0.000564,0.005592,0.000656,0.000274,0.000686,0.0,0,0.0
class1,SLA-6,B18,B,10,0.002347,0.002324,0.023471,0.004048,0.000541,0.00291,0.0,0,0.0
class1,SLA-6,B27,B,10,0.123878,0.125649,1.238785,0.151132,0.080504,0.154398,0.0,0,2.0
class1,SLA-6,B35,B,10,0.000594,0.000599,0.005939,0.000633,0.000325,0.000701,0.0,0,0.0
class1,SLA-6,B37,B,10,0.073867,0.07537,0.738673,0.111542,0.024604,0.090117,0.0,0,1.0
class1,SLA-6,B38,B,10,0.016176,0.016055,0.16176,0.022551,0.006206,0.020042,0.0,0,0.0
class1,SLA-6,B39,B,10,0.01217,0.011988,0.121695,0.014728,0.007364,0.015205,0.0,0,0.0
class1,SLA-6,B40,B,10,0.139141,0.136529,1.391414,0.266859,0.02068,0.173844,1.0,10,1.0
class1,SLA-6,B41,B,10,0.013338,0.013204,0.133376,0.012826,0.008113,0.015668,0.0,0,0.0
class1,SLA-6,B44,B,10,0.004442,0.004414,0.044419,0.007134,0.00126,0.005381,0.0,0,0.0
class1,SLA-6,B46,B,10,0.001839,0.001845,0.018391,0.001467,0.001404,0.002266,0.0,0,0.0
class1,SLA-6,B49,B,10,0.028547,0.02839,0.285469,0.031262,0.018471,0.035325,0.0,0,0.0
class1,SLA-6,B50,B,10,0.024661,0.024649,0.246612,0.031226,0.011053,0.029954,0.0,0,0.0
class1,SLA-6,B51,B,10,0.001843,0.00186,0.018428,0.001986,0.001021,0.002301,0.0,0,0.0
class1,SLA-6,B52,B,10,0.012599,0.012507,0.125993,0.018544,0.004512,0.015567,0.0,0,0.0
class1,SLA-6,B53,B,10,0.006335,0.006256,0.063354,0.007197,0.004172,0.007893,0.0,0,0.0
class1,SLA-6,B55,B,10,0.017041,0.016942,0.170414,0.019003,0.009664,0.021207,0.0,0,0.0
class1,SLA-6,B56,B,10,0.026617,0.026265,0.266166,0.038391,0.010339,0.033143,0.0,0,0.0
class1,SLA-6,B57,B,10,0.008287,0.008323,0.082871,0.01034,0.003907,0.010115,0.0,0,0.0
class1,SLA-6,B58,B,10,0.007522,0.007605,0.075215,0.008981,0.00436,0.009345,0.0,0,0.0
class1,SLA-6,B_Other,B,10,0.11925,0.120747,1.192504,0.216503,0.022709,0.147476,0.0,0,1.0
class1,SLA-6,C01,C,10,0.02183,0.022161,0.218302,0.021859,0.01449,0.026926,0.0,0,0.0
class1,SLA-6,C02,C,10,0.007243,0.007368,0.072434,0.012071,0.001975,0.009019,0.0,0,0.0
class1,SLA-6,C03,C,10,0.002109,0.002139,0.021089,0.003874,0.000386,0.002633,0.0,0,0.0
class1,SLA-6,C04,C,10,0.009591,0.009567,0.095907,0.01255,0.004584,0.011767,0.0,0,0.0
class1,SLA-6,C05,C,10,0.0042,0.004235,0.042,0.004886,0.002357,0.005224,0.0,0,0.0
class1,SLA-6,C06,C,10,0.000918,0.000929,0.009181,0.001027,0.000621,0.001144,0.0,0,0.0
class1,SLA-6,C07,C,10,0.028019,0.027341,0.280189,0.058691,0.001802,0.035016,0.0,0,0.0
class1,SLA-6,C08,C,10,0.00429,0.004338,0.042897,0.004028,0.002817,0.005356,0.0,0,0.0
class1,SLA-6,C12,C,10,0.00142,0.001415,0.014201,0.00301,7.4e-05,0.001772,0.0,0,0.0
class1,SLA-6,C14,C,10,0.035008,0.03516,0.350075,0.034436,0.023404,0.043548,0.0,0,0.0
class1,SLA-6,C15,C,10,0.008717,0.008622,0.087171,0.017428,0.000939,0.010844,0.0,0,0.0
class1,SLA-6,C16,C,10,0.009796,0.00979,0.097959,0.017438,0.002048,0.012068,0.0,0,0.0
class1,SLA-6,C17,C,10,0.045086,0.044892,0.450855,0.08032,0.009289,0.055676,0.0,0,0.0
class1,SLA-6,C_Other,C,10,0.009875,0.009944,0.098755,0.008179,0.006529,0.011799,0.0,0,0.0
class1,SLA-7,A01,A,3,0.006926,0.007624,0.020777,0.007698,0.00426,0.008484,0.0,0,0.0
class1,SLA-7,A02,A,3,0.000546,0.000621,0.001637,0.000464,0.000356,0.000672,0.0,0,0.0
class1,SLA-7,A03,A,3,0.004162,0.004268,0.012486,0.007649,0.000745,0.005177,0.0,0,0.0
class1,SLA-7,A11,A,3,0.003175,0.003253,0.009526,0.005216,0.000854,0.003886,0.0,0,0.0
class1,SLA-7,A23,A,3,0.003799,0.003658,0.011396,0.004081,0.002274,0.004736,0.0,0,0.0
class1,SLA-7,A24,A,3,0.008448,0.008233,0.025343,0.017183,0.000779,0.010557,0.0,0,0.0
class1,SLA-7,A25,A,3,0.004483,0.004354,0.013449,0.005166,0.002255,0.005518,0.0,0,0.0
class1,SLA-7,A26,A,3,0.003684,0.003887,0.011053,0.002646,0.002789,0.00453,0.0,0,0.0
class1,SLA-7,A29,A,3,0.001777,0.001925,0.005332,0.002121,0.001011,0.002175,0.0,0,0.0
class1,SLA-7,A30,A,3,0.002096,0.002117,0.006287,0.002475,0.000999,0.002494,0.0,0,0.0
class1,SLA-7,A31,A,3,0.001736,0.002005,0.005207,0.001867,0.001057,0.002149,0.0,0,0.0
class1,SLA-7,A32,A,3,0.003971,0.004068,0.011913,0.004147,0.002469,0.004761,0.0,0,0.0
class1,SLA-7,A33,A,3,0.003814,0.003804,0.011443,0.003367,0.00292,0.004676,0.0,0,0.0
class1,SLA-7,A68,A,3,0.009398,0.009555,0.028193,0.012791,0.003868,0.011475,0.0,0,0.0
class1,SLA-7,A_Other,A,3,0.003718,0.003471,0.011155,0.003266,0.002695,0.004547,0.0,0,0.0
class1,SLA-7,B07,B,3,0.060903,0.065072,0.18271,0.102214,0.01567,0.07604,0.0,0,1.0
class1,SLA-7,B08,B,3,0.014584,0.015019,0.043753,0.018985,0.006344,0.017676,0.0,0,0.0
class1,SLA-7,B13,B,3,0.008765,0.009088,0.026295,0.010535,0.004533,0.010776,0.0,0,0.0
class1,SLA-7,B14,B,3,0.10105,0.093401,0.303151,0.057677,0.084243,0.121789,0.0,0,0.3333
class1,SLA-7,B15,B,3,0.005546,0.005712,0.016637,0.006674,0.003191,0.00688,0.0,0,0.0
class1,SLA-7,B18,B,3,0.00229,0.002338,0.00687,0.001588,0.001596,0.002595,0.0,0,0.0
class1,SLA-7,B27,B,3,0.012582,0.014285,0.037747,0.017868,0.005181,0.015669,0.0,0,0.0
class1,SLA-7,B35,B,3,0.00198,0.001764,0.005939,0.001526,0.001404,0.002378,0.0,0,0.0
class1,SLA-7,B37,B,3,0.052995,0.053507,0.158984,0.087692,0.015105,0.066074,0.0,0,0.0
class1,SLA-7,B38,B,3,0.015234,0.014795,0.045702,0.024892,0.004168,0.018968,0.0,0,0.0
class1,SLA-7,B39,B,3,0.014836,0.015478,0.044507,0.018333,0.007267,0.018333,0.0,0,0.0
class1,SLA-7,B40,B,3,0.005891,0.006213,0.017672,0.010414,0.001241,0.00723,0.0,0,0.0
class1,SLA-7,B41,B,3,0.015387,0.015,0.046161,0.012615,0.011516,0.018684,0.0,0,0.0
class1,SLA-7,B44,B,3,0.003063,0.002949,0.009189,0.002663,0.002,0.003711,0.0,0,0.0
class1,SLA-7,B46,B,3,0.0062,0.007289,0.0186,0.005187,0.004516,0.007597,0.0,0,0.0
class1,SLA-7,B49,B,3,0.006947,0.006853,0.020842,0.006904,0.004139,0.008327,0.0,0,0.0
class1,SLA-7,B50,B,3,0.014548,0.015421,0.043644,0.008986,0.012519,0.017824,0.0,0,0.0
class1,SLA-7,B51,B,3,0.008938,0.00993,0.026813,0.010899,0.005089,0.011166,0.0,0,0.0
class1,SLA-7,B52,B,3,0.003631,0.003721,0.010892,0.002289,0.002705,0.004278,0.0,0,0.0
class1,SLA-7,B53,B,3,0.007244,0.006658,0.021733,0.007397,0.004254,0.008914,0.0,0,0.0
class1,SLA-7,B55,B,3,0.045114,0.040257,0.135342,0.043845,0.026854,0.055826,0.0,0,0.0
class1,SLA-7,B56,B,3,0.035482,0.031026,0.106447,0.048295,0.014718,0.043795,0.0,0,0.0
class1,SLA-7,B57,B,3,0.011708,0.014002,0.035124,0.014338,0.006728,0.014612,0.0,0,0.0
class1,SLA-7,B58,B,3,0.01251,0.010849,0.037529,0.019481,0.004362,0.015626,0.0,0,0.0
class1,SLA-7,B_Other,B,3,0.203536,0.176567,0.610607,0.246765,0.097273,0.250016,1.0,3,2.0
class1,SLA-7,C01,C,3,0.071393,0.067022,0.214178,0.14023,0.008728,0.088921,0.0,0,1.0
class1,SLA-7,C02,C,3,0.04672,0.058296,0.14016,0.080727,0.011656,0.058339,0.0,0,0.6667
class1,SLA-7,C03,C,3,0.01027,0.013422,0.030811,0.021186,0.000802,0.012835,0.0,0,0.0
class1,SLA-7,C04,C,3,0.001468,0.001675,0.004405,0.001392,0.001113,0.001815,0.0,0,0.0
class1,SLA-7,C05,C,3,0.033457,0.029777,0.10037,0.056976,0.008055,0.0411,0.0,0,0.0
class1,SLA-7,C06,C,3,0.002432,0.002235,0.007297,0.002377,0.001637,0.003039,0.0,0,0.0
class1,SLA-7,C07,C,3,0.001704,0.001438,0.005111,0.002333,0.000852,0.002126,0.0,0,0.0
class1,SLA-7,C08,C,3,0.027793,0.030314,0.083379,0.036013,0.012546,0.03468,0.0,0,0.0
class1,SLA-7,C12,C,3,0.008085,0.00897,0.024256,0.011187,0.004162,0.010084,0.0,0,0.0
class1,SLA-7,C14,C,3,0.011043,0.010831,0.033129,0.012412,0.005822,0.013522,0.0,0,0.0
class1,SLA-7,C15,C,3,0.011029,0.010966,0.033088,0.015083,0.004603,0.013751,0.0,0,0.0
class1,SLA-7,C16,C,3,0.023812,0.021998,0.071437,0.040333,0.00606,0.029547,0.0,0,0.0
class1,SLA-7,C17,C,3,0.011028,0.014347,0.033084,0.012775,0.005929,0.013678,0.0,0,0.0
class1,SLA-7,C_Other,C,3,0.00707,0.007558,0.02121,0.005514,0.005604,0.008747,0.0,0,0.0
class1,SLA-8,A01,A,5,0.001185,0.001103,0.005923,0.001012,0.000778,0.001457,0.0,0,0.0
class1,SLA-8,A02,A,5,0.008022,0.006827,0.040112,0.009732,0.003806,0.009961,0.0,0,0.0
class1,SLA-8,A03,A,5,0.000938,0.000933,0.004689,0.000889,0.000606,0.001162,0.0,0,0.0
class1,SLA-8,A11,A,5,0.000631,0.000646,0.003157,0.000628,0.000365,0.000769,0.0,0,0.0
class1,SLA-8,A23,A,5,0.072604,0.07279,0.363021,0.073286,0.051029,0.089645,0.2,1,0.2
class1,SLA-8,A24,A,5,0.016581,0.013813,0.082907,0.036322,0.000338,0.020713,0.0,0,0.0
class1,SLA-8,A25,A,5,0.00818,0.008099,0.040898,0.005439,0.006338,0.009795,0.0,0,0.0
class1,SLA-8,A26,A,5,0.002661,0.002624,0.013307,0.002461,0.001693,0.003283,0.0,0,0.0
class1,SLA-8,A29,A,5,0.031504,0.031565,0.157519,0.04353,0.013811,0.039305,0.0,0,0.0
class1,SLA-8,A30,A,5,0.018588,0.016843,0.09294,0.034615,0.003125,0.022931,0.0,0,0.0
class1,SLA-8,A31,A,5,0.004579,0.004725,0.022896,0.004924,0.003087,0.005654,0.0,0,0.0
class1,SLA-8,A32,A,5,0.017491,0.017104,0.087457,0.024815,0.006972,0.021444,0.0,0,0.0
class1,SLA-8,A33,A,5,0.004575,0.004558,0.022874,0.003408,0.003337,0.00564,0.0,0,0.0
class1,SLA-8,A68,A,5,0.006287,0.005454,0.031434,0.005438,0.004774,0.007755,0.0,0,0.0
class1,SLA-8,A_Other,A,5,0.008152,0.007915,0.040759,0.009815,0.004044,0.010047,0.0,0,0.0
class1,SLA-8,B07,B,5,0.001885,0.002059,0.009425,0.002736,0.000737,0.002339,0.0,0,0.0
class1,SLA-8,B08,B,5,0.02107,0.020929,0.105351,0.040698,0.002897,0.026296,0.0,0,0.0
class1,SLA-8,B13,B,5,0.002312,0.002062,0.011561,0.003153,0.000964,0.002878,0.0,0,0.0
class1,SLA-8,B14,B,5,0.009322,0.009885,0.046609,0.011492,0.004381,0.011216,0.0,0,0.0
class1,SLA-8,B15,B,5,0.003637,0.004077,0.018185,0.005011,0.001831,0.004536,0.0,0,0.0
class1,SLA-8,B18,B,5,0.036343,0.035276,0.181714,0.06781,0.006324,0.045309,0.0,0,0.0
class1,SLA-8,B27,B,5,0.067042,0.067358,0.335208,0.098686,0.027575,0.083701,0.0,0,0.6
class1,SLA-8,B35,B,5,0.000343,0.000324,0.001715,0.000403,0.00017,0.000417,0.0,0,0.0
class1,SLA-8,B37,B,5,0.01566,0.015222,0.078301,0.012064,0.011031,0.018581,0.0,0,0.0
class1,SLA-8,B38,B,5,0.007217,0.007979,0.036087,0.007038,0.004308,0.008993,0.0,0,0.0
class1,SLA-8,B39,B,5,0.034098,0.033001,0.17049,0.07018,0.002729,0.042507,0.0,0,0.8
class1,SLA-8,B40,B,5,0.022418,0.022647,0.112091,0.046094,0.001814,0.027919,0.0,0,0.0
class1,SLA-8,B41,B,5,0.066501,0.071546,0.332507,0.136268,0.005579,0.082791,0.0,0,1.0
class1,SLA-8,B44,B,5,0.001341,0.001309,0.006705,0.001603,0.000865,0.00166,0.0,0,0.0
class1,SLA-8,B46,B,5,0.023283,0.021142,0.116413,0.046982,0.002292,0.028905,0.0,0,0.0
class1,SLA-8,B49,B,5,0.003362,0.003606,0.01681,0.002804,0.002165,0.003839,0.0,0,0.0
class1,SLA-8,B50,B,5,0.00359,0.003771,0.017951,0.001651,0.003265,0.004252,0.0,0,0.0
class1,SLA-8,B51,B,5,0.002533,0.00262,0.012663,0.004226,0.000656,0.003139,0.0,0,0.0
class1,SLA-8,B52,B,5,0.002283,0.002359,0.011415,0.001469,0.001907,0.002765,0.0,0,0.0
class1,SLA-8,B53,B,5,0.003793,0.003822,0.018964,0.003188,0.002547,0.004672,0.0,0,0.0
class1,SLA-8,B55,B,5,0.006544,0.006529,0.03272,0.006793,0.004679,0.008101,0.0,0,0.0
class1,SLA-8,B56,B,5,0.006536,0.007423,0.03268,0.006172,0.004291,0.008142,0.0,0,0.0
class1,SLA-8,B57,B,5,0.028879,0.030715,0.144397,0.017365,0.023664,0.033901,0.0,0,0.0
class1,SLA-8,B58,B,5,0.040842,0.040938,0.20421,0.079828,0.005184,0.050855,0.0,0,0.8
class1,SLA-8,B_Other,B,5,0.005231,0.00539,0.026157,0.006451,0.002829,0.00653,0.0,0,0.0
class1,SLA-8,C01,C,5,0.024056,0.024641,0.120281,0.017771,0.018392,0.029481,0.0,0,0.0
class1,SLA-8,C02,C,5,0.011154,0.011222,0.055769,0.016115,0.004611,0.013872,0.0,0,0.0
class1,SLA-8,C03,C,5,0.001956,0.001861,0.009778,0.002223,0.001047,0.002416,0.0,0,0.0
class1,SLA-8,C04,C,5,0.003654,0.003716,0.018271,0.004414,0.002146,0.004565,0.0,0,0.0
class1,SLA-8,C05,C,5,0.05661,0.05006,0.283048,0.100477,0.012388,0.070729,0.0,0,0.4
class1,SLA-8,C06,C,5,0.003141,0.00314,0.015705,0.002109,0.002308,0.003736,0.0,0,0.0
class1,SLA-8,C07,C,5,0.021552,0.020783,0.107761,0.044189,0.001806,0.026816,0.0,0,0.0
class1,SLA-8,C08,C,5,0.039015,0.033184,0.195076,0.075372,0.005413,0.048735,0.0,0,0.2
class1,SLA-8,C12,C,5,0.004818,0.004762,0.024091,0.00594,0.002227,0.005933,0.0,0,0.0
class1,SLA-8,C14,C,5,0.045117,0.048945,0.225585,0.085593,0.006873,0.055621,0.0,0,0.4
class1,SLA-8,C15,C,5,0.037436,0.035309,0.187181,0.071561,0.005532,0.046673,0.0,0,0.2
class1,SLA-8,C16,C,5,0.048674,0.049561,0.24337,0.048947,0.029895,0.059889,0.0,0,0.2
class1,SLA-8,C17,C,5,0.078017,0.07904,0.390085,0.078019,0.04813,0.096854,0.8,4,0.2
class1,SLA-8,C_Other,C,5,0.006755,0.006957,0.033776,0.004263,0.005192,0.007954,0.0,0,0.0
class1,SLA-9,A01,A,5,0.006501,0.003398,0.032503,0.004534,0.00496,0.007602,0.0,0,0.0
class1,SLA-9,A02,A,5,0.05305,0.013344,0.265248,0.068726,0.028754,0.065384,0.2,1,0.4
class1,SLA-9,A03,A,5,0.024304,0.01343,0.121521,0.020464,0.017194,0.030338,0.0,0,0.2
class1,SLA-9,A11,A,5,0.008278,0.004872,0.041391,0.006892,0.00624,0.010065,0.0,0,0.0
class1,SLA-9,A23,A,5,0.008118,0.008996,0.040592,0.007107,0.004977,0.009251,0.0,0,0.0
class1,SLA-9,A24,A,5,0.005591,0.003847,0.027957,0.005151,0.003444,0.006866,0.0,0,0.0
class1,SLA-9,A25,A,5,0.007359,0.004471,0.036794,0.006001,0.005277,0.008802,0.0,0,0.0
class1,SLA-9,A26,A,5,0.003811,0.0026,0.019057,0.002693,0.002823,0.004464,0.0,0,0.0
class1,SLA-9,A29,A,5,0.025329,0.010346,0.126646,0.027887,0.015334,0.031352,0.0,0,0.0
class1,SLA-9,A30,A,5,0.018994,0.01685,0.094969,0.031616,0.005051,0.023548,0.0,0,0.0
class1,SLA-9,A31,A,5,0.036891,0.028421,0.184453,0.0589,0.01071,0.045869,0.0,0,0.4
class1,SLA-9,A32,A,5,0.009841,0.011005,0.049203,0.010736,0.005511,0.011998,0.0,0,0.0
class1,SLA-9,A33,A,5,0.004913,0.005713,0.024563,0.003507,0.003823,0.005742,0.0,0,0.0
class1,SLA-9,A68,A,5,0.007242,0.005382,0.036208,0.004854,0.005964,0.008757,0.0,0,0.0
class1,SLA-9,A_Other,A,5,0.022934,0.025797,0.114668,0.027078,0.013394,0.028436,0.0,0,0.2
class1,SLA-9,B07,B,5,0.013115,0.016866,0.065574,0.014166,0.007696,0.016184,0.0,0,0.0
class1,SLA-9,B08,B,5,0.009428,0.009182,0.04714,0.008566,0.006466,0.011563,0.0,0,0.0
class1,SLA-9,B13,B,5,0.014708,0.009073,0.073541,0.016745,0.007625,0.018047,0.0,0,0.2
class1,SLA-9,B14,B,5,0.007226,0.003693,0.036128,0.010734,0.002489,0.008943,0.0,0,0.0
class1,SLA-9,B15,B,5,0.036346,0.040187,0.181728,0.044972,0.016909,0.043897,0.0,0,0.2
class1,SLA-9,B18,B,5,0.026185,0.033275,0.130926,0.044581,0.006309,0.031856,0.0,0,0.2
class1,SLA-9,B27,B,5,0.012818,0.011304,0.064091,0.01161,0.00873,0.016007,0.0,0,0.0
class1,SLA-9,B35,B,5,0.006257,0.003103,0.031285,0.001426,0.005784,0.006536,0.0,0,0.0
class1,SLA-9,B37,B,5,0.008093,0.009432,0.040465,0.00905,0.004364,0.009952,0.0,0,0.0
class1,SLA-9,B38,B,5,0.005542,0.004124,0.027712,0.005361,0.003196,0.006459,0.0,0,0.0
class1,SLA-9,B39,B,5,0.006734,0.004014,0.033668,0.007395,0.004091,0.008316,0.0,0,0.0
class1,SLA-9,B40,B,5,0.01426,0.008056,0.071302,0.015682,0.008008,0.017172,0.0,0,0.0
class1,SLA-9,B41,B,5,0.006425,0.007098,0.032126,0.004718,0.004654,0.007548,0.0,0,0.0
class1,SLA-9,B44,B,5,0.067261,0.043579,0.336304,0.128136,0.009978,0.082341,0.2,1,0.2
class1,SLA-9,B46,B,5,0.065103,0.100935,0.325517,0.100088,0.020956,0.081237,0.0,0,0.4
class1,SLA-9,B49,B,5,0.006257,0.009418,0.031285,0.004515,0.004905,0.007661,0.0,0,0.0
class1,SLA-9,B50,B,5,0.00492,0.004794,0.024598,0.004955,0.003541,0.006082,0.0,0,0.0
class1,SLA-9,B51,B,5,0.014996,0.01535,0.074979,0.013621,0.010855,0.018251,0.0,0,0.0
class1,SLA-9,B52,B,5,0.010039,0.005627,0.050197,0.010041,0.005778,0.012057,0.0,0,0.0
class1,SLA-9,B53,B,5,0.004758,0.005655,0.023792,0.002415,0.003742,0.005317,0.0,0,0.0
class1,SLA-9,B55,B,5,0.005643,0.005447,0.028215,0.003523,0.004741,0.006968,0.0,0,0.0
class1,SLA-9,B56,B,5,0.009774,0.006374,0.048869,0.016345,0.002506,0.012122,0.0,0,0.2
class1,SLA-9,B57,B,5,0.120543,0.134131,0.602717,0.081463,0.087061,0.139001,0.4,2,1.0
class1,SLA-9,B58,B,5,0.01963,0.023216,0.098152,0.018642,0.011649,0.023001,0.0,0,0.0
class1,SLA-9,B_Other,B,5,0.008192,0.006825,0.040958,0.007119,0.005346,0.009815,0.0,0,0.0
class1,SLA-9,C01,C,5,0.010409,0.010428,0.052046,0.009091,0.007105,0.012751,0.0,0,0.0
class1,SLA-9,C02,C,5,0.023704,0.030182,0.118521,0.017745,0.017442,0.028258,0.0,0,0.2
class1,SLA-9,C03,C,5,0.015218,0.018229,0.076089,0.01039,0.011886,0.018413,0.0,0,0.0
class1,SLA-9,C04,C,5,0.016107,0.000931,0.080534,0.029507,0.002921,0.019797,0.0,0,0.4
class1,SLA-9,C05,C,5,0.015451,0.018513,0.077256,0.011891,0.012887,0.019166,0.0,0,0.0
class1,SLA-9,C06,C,5,0.009267,0.004009,0.046334,0.008281,0.005772,0.011272,0.0,0,0.0
class1,SLA-9,C07,C,5,0.013937,0.008676,0.069683,0.010514,0.010203,0.017006,0.0,0,0.0
class1,SLA-9,C08,C,5,0.0599,0.016933,0.2995,0.068986,0.032261,0.074868,0.2,1,0.6
class1,SLA-9,C12,C,5,0.032203,0.008175,0.161014,0.029995,0.021855,0.040237,0.0,0,0.2
class1,SLA-9,C14,C,5,0.016086,0.021551,0.080428,0.013208,0.013221,0.020088,0.0,0,0.0
class1,SLA-9,C15,C,5,0.005468,0.003967,0.02734,0.00403,0.004272,0.006624,0.0,0,0.0
class1,SLA-9,C16,C,5,0.019399,0.016979,0.096993,0.024284,0.008988,0.024217,0.0,0,0.0
class1,SLA-9,C17,C,5,0.011992,0.012257,0.05996,0.009672,0.008618,0.01476,0.0,0,0.0
class1,SLA-9,C_Other,C,5,0.003452,0.003235,0.017261,0.002344,0.002535,0.004167,0.0,0,0.0
class2,SLA-DQB1,DQB102,DQB1,53,0.117462,0.12813,6.225499,0.166629,0.044194,0.146128,0.1887,10,0.6604
class2,SLA-DQB1,DQB103,DQB1,53,0.190295,0.126948,10.085651,0.085828,0.163007,0.216678,0.3585,19,1.1509
class2,SLA-DQB1,DQB104,DQB1,53,0.074615,0.051129,3.954574,0.074168,0.047835,0.089094,0.0566,3,0.3585
class2,SLA-DQB1,DQB105,DQB1,53,0.038133,0.023607,2.021026,0.023991,0.032316,0.046899,0.0,0,0.1132
class2,SLA-DQB1,DQB106,DQB1,53,0.120169,0.100649,6.368965,0.108005,0.080949,0.147099,0.0377,2,0.6604
class2,SLA-DQB1,DQB1_Other,DQB1,53,0.001908,0.001921,0.101122,0.000357,0.001831,0.002054,0.0,0,0.0
class2,SLA-DQB1,DRB101,DRB1,53,0.2341,0.181478,12.407274,0.204379,0.16131,0.285552,0.3585,19,1.434
class2,SLA-DQB1,DRB103,DRB1,53,0.006675,0.005452,0.353795,0.005139,0.004678,0.007725,0.0,0,0.0
class2,SLA-DQB1,DRB104,DRB1,53,0.026336,0.004513,1.395793,0.043859,0.006788,0.032324,0.0,0,0.1321
class2,SLA-DQB1,DRB107,DRB1,53,0.031475,0.023456,1.668168,0.03159,0.019416,0.037927,0.0,0,0.0377
class2,SLA-DQB1,DRB108,DRB1,53,0.007509,0.004,0.397969,0.003242,0.006368,0.008477,0.0,0,0.0
class2,SLA-DQB1,DRB111,DRB1,53,0.003332,0.002846,0.176613,0.00136,0.00299,0.00378,0.0,0,0.0
class2,SLA-DQB1,DRB112,DRB1,53,0.012682,0.005957,0.672143,0.01278,0.007349,0.015236,0.0,0,0.0
class2,SLA-DQB1,DRB113,DRB1,53,0.002455,0.002213,0.130114,0.000793,0.002197,0.00271,0.0,0,0.0
class2,SLA-DQB1,DRB114,DRB1,53,0.003396,0.003145,0.179986,0.001223,0.003102,0.003767,0.0,0,0.0
class2,SLA-DQB1,DRB115,DRB1,53,0.009785,0.009895,0.518583,0.005383,0.007993,0.011144,0.0,0,0.0
class2,SLA-DQB1,DRB116,DRB1,53,0.012422,0.01178,0.658392,0.005227,0.010377,0.013371,0.0,0,0.0
class2,SLA-DQB1,DRB1_Other,DRB1,53,0.069595,0.061191,3.688532,0.051649,0.05104,0.084579,0.0,0,0.4528
class2,SLA-DQB1,DRB3_Other,DRB3,53,0.004488,0.004045,0.237843,0.003278,0.003147,0.00533,0.0,0,0.0
class2,SLA-DQB1,DRB4_Other,DRB4,53,0.014574,0.012104,0.77241,0.003112,0.013857,0.015789,0.0,0,0.0
class2,SLA-DQB1,DRB5_Other,DRB5,53,0.011312,0.009009,0.599518,0.006937,0.008957,0.01341,0.0,0,0.0
class2,SLA-DQB1,DPB1_Other,DPB1,53,0.007284,0.006365,0.386028,0.001779,0.006732,0.00782,0.0,0,0.0
class2,SLA-DRB1,DQB102,DQB1,99,0.004496,0.004768,0.44513,0.001574,0.003874,0.004889,0.0,0,0.0
class2,SLA-DRB1,DQB103,DQB1,99,0.004066,0.003667,0.402501,0.001824,0.003384,0.004659,0.0,0,0.0
class2,SLA-DRB1,DQB104,DQB1,99,0.008277,0.008738,0.81945,0.005361,0.005999,0.009433,0.0,0,0.0
class2,SLA-DRB1,DQB105,DQB1,99,0.00477,0.004459,0.472265,0.000842,0.004497,0.005065,0.0,0,0.0
class2,SLA-DRB1,DQB106,DQB1,99,0.004107,0.002512,0.406584,0.002676,0.002943,0.004584,0.0,0,0.0101
class2,SLA-DRB1,DQB1_Other,DQB1,99,0.001561,0.001647,0.154558,0.000392,0.001456,0.001681,0.0,0,0.0
class2,SLA-DRB1,DRB101,DRB1,99,0.200689,0.148557,19.868168,0.064999,0.176867,0.222094,0.2727,27,1.2222
class2,SLA-DRB1,DRB103,DRB1,99,0.015166,0.006859,1.501442,0.01287,0.010993,0.018112,0.0,0,0.0202
class2,SLA-DRB1,DRB104,DRB1,99,0.157434,0.010776,15.586015,0.130409,0.103423,0.188554,0.2525,25,0.8485
class2,SLA-DRB1,DRB107,DRB1,99,0.053813,0.044008,5.327441,0.036632,0.042968,0.063065,0.0,0,0.1515
class2,SLA-DRB1,DRB108,DRB1,99,0.005876,0.004625,0.581698,0.003261,0.004678,0.006634,0.0,0,0.0
class2,SLA-DRB1,DRB111,DRB1,99,0.010005,0.003068,0.990518,0.005856,0.007672,0.011696,0.0,0,0.0
class2,SLA-DRB1,DRB112,DRB1,99,0.026155,0.025877,2.589377,0.018846,0.019386,0.030955,0.0,0,0.0404
class2,SLA-DRB1,DRB113,DRB1,99,0.055658,0.002713,5.510136,0.050202,0.036771,0.067305,0.0303,3,0.303
class2,SLA-DRB1,DRB114,DRB1,99,0.015172,0.004571,1.502059,0.012692,0.010113,0.018139,0.0,0,0.0303
class2,SLA-DRB1,DRB115,DRB1,99,0.046131,0.013807,4.566943,0.025006,0.038687,0.053947,0.0606,6,0.2626
class2,SLA-DRB1,DRB116,DRB1,99,0.013718,0.010712,1.358079,0.003306,0.013013,0.015003,0.0,0,0.0
class2,SLA-DRB1,DRB1_Other,DRB1,99,0.174311,0.128816,17.256824,0.061587,0.160937,0.192639,0.2626,26,1.2222
class2,SLA-DRB1,DRB3_Other,DRB3,99,0.101682,0.03234,10.066549,0.09599,0.072959,0.12457,0.1111,11,0.6263
class2,SLA-DRB1,DRB4_Other,DRB4,99,0.043708,0.031378,4.327098,0.012232,0.040087,0.047395,0.0,0,0.101
class2,SLA-DRB1,DRB5_Other,DRB5,99,0.045391,0.031623,4.493757,0.028807,0.033757,0.050733,0.0,0,0.1414
class2,SLA-DRB1,DPB1_Other,DPB1,99,0.007812,0.005265,0.77341,0.002961,0.006938,0.008624,0.0101,1,0.0202
