figure,panel,label,first_residue_species,first_residue_color,second_residue_species,second_residue_color,canonical_position
5,class1_A,P/A41,SLA,#409F54,HLA,#B23A94,41
5,class1_A,G/D77,SLA,#409F54,HLA,#B23A94,77
5,class1_A,P/S105,SLA,#409F54,HLA,#B23A94,105
5,class1_A,N/K127,SLA,#409F54,HLA,#B23A94,127
5,class1_A,R/H145,SLA,#409F54,HLA,#B23A94,145
5,class1_A,Q/E173,SLA,#409F54,HLA,#B23A94,173
5,class1_A,D/E177,SLA,#409F54,HLA,#B23A94,177
5,class1_A,S/V194,SLA,#409F54,HLA,#B23A94,194
5,class1_A,Q/P267,SLA,#409F54,HLA,#B23A94,267
5,class1_B,P/A41,SLA,#409F54,HLA,#B23A94,41
5,class1_B,P/S105,SLA,#409F54,HLA,#B23A94,105
5,class1_B,T/M138,SLA,#409F54,HLA,#B23A94,138
5,class1_B,D/H151,SLA,#409F54,HLA,#B23A94,151
5,class1_B,Q/E173,SLA,#409F54,HLA,#B23A94,173
5,class1_B,D/E177,SLA,#409F54,HLA,#B23A94,177
5,class1_B,S/I194,SLA,#409F54,HLA,#B23A94,194
5,class1_B,Q/P267,SLA,#409F54,HLA,#B23A94,267
5,class1_C,D/G16,SLA,#409F54,HLA,#B23A94,16
5,class1_C,K/E19,SLA,#409F54,HLA,#B23A94,19
5,class1_C,P/A41,SLA,#409F54,HLA,#B23A94,41
5,class1_C,R/Q65,SLA,#409F54,HLA,#B23A94,65
5,class1_C,D/R151,SLA,#409F54,HLA,#B23A94,151
5,class1_C,N/D177,SLA,#409F54,HLA,#B23A94,177
5,class1_C,S/I194,SLA,#409F54,HLA,#B23A94,194
5,class1_C,Q/P267,SLA,#409F54,HLA,#B23A94,267
5,class1_D,D/G16,SLA,#409F54,HLA,#B23A94,16
5,class1_D,D/E19,SLA,#409F54,HLA,#B23A94,19
5,class1_D,P/A41,SLA,#409F54,HLA,#B23A94,41
5,class1_D,R/S131,SLA,#409F54,HLA,#B23A94,131
5,class1_D,N/R151,SLA,#409F54,HLA,#B23A94,151
5,class1_D,D/E177,SLA,#409F54,HLA,#B23A94,177
5,class1_D,S/I194,SLA,#409F54,HLA,#B23A94,194
5,class1_D,Q/P267,SLA,#409F54,HLA,#B23A94,267
5,class1_E,D/G16,SLA,#409F54,HLA,#B23A94,16
5,class1_E,P/A41,SLA,#409F54,HLA,#B23A94,41
5,class1_E,R/S131,SLA,#409F54,HLA,#B23A94,131
5,class1_E,N/R151,SLA,#409F54,HLA,#B23A94,151
5,class1_E,Q/E173,SLA,#409F54,HLA,#B23A94,173
5,class1_E,D/E177,SLA,#409F54,HLA,#B23A94,177
5,class1_E,S/I194,SLA,#409F54,HLA,#B23A94,194
5,class1_E,Q/P267,SLA,#409F54,HLA,#B23A94,267
5,class1_F,D/G16,SLA,#409F54,HLA,#B23A94,16
5,class1_F,K/E19,SLA,#409F54,HLA,#B23A94,19
5,class1_F,P/A41,SLA,#409F54,HLA,#B23A94,41
5,class1_F,A/D90,SLA,#409F54,HLA,#B23A94,90
5,class1_F,D/R151,SLA,#409F54,HLA,#B23A94,151
5,class1_F,Q/E173,SLA,#409F54,HLA,#B23A94,173
5,class1_F,N/E177,SLA,#409F54,HLA,#B23A94,177
5,class1_F,S/L194,SLA,#409F54,HLA,#B23A94,194
6,class2_A,V/L11,SLA,#409F54,HLA,#B23A94,11
6,class2_A,Q/E28,SLA,#409F54,HLA,#B23A94,28
6,class2_A,H/S37,SLA,#409F54,HLA,#B23A94,37
6,class2_A,I/A85,SLA,#409F54,HLA,#B23A94,85
6,class2_A,T/K98,SLA,#409F54,HLA,#B23A94,98
6,class2_A,A/S104,SLA,#409F54,HLA,#B23A94,104
6,class2_A,T/S120,SLA,#409F54,HLA,#B23A94,120
6,class2_A,P/Q149,SLA,#409F54,HLA,#B23A94,149
6,class2_A,L/V180,SLA,#409F54,HLA,#B23A94,180
6,class2_B,A/E58,SLA,#409F54,HLA,#B23A94,58
6,class2_B,Q/D70,SLA,#409F54,HLA,#B23A94,70
6,class2_B,E/H96,SLA,#409F54,HLA,#B23A94,96
6,class2_B,R/K98,SLA,#409F54,HLA,#B23A94,98
6,class2_B,A/S104,SLA,#409F54,HLA,#B23A94,104
6,class2_B,A/T140,SLA,#409F54,HLA,#B23A94,140
6,class2_B,P/H149,SLA,#409F54,HLA,#B23A94,149
6,class2_B,L/V180,SLA,#409F54,HLA,#B23A94,180
6,class2_C,P/L52,SLA,#409F54,HLA,#B23A94,52
6,class2_C,R/L55,SLA,#409F54,HLA,#B23A94,55
6,class2_C,E/D66,SLA,#409F54,HLA,#B23A94,66
6,class2_C,T/R77,SLA,#409F54,HLA,#B23A94,77
6,class2_C,E/L87,SLA,#409F54,HLA,#B23A94,87
6,class2_C,S/A125,SLA,#409F54,HLA,#B23A94,125
6,class2_C,Q/R130,SLA,#409F54,HLA,#B23A94,130
6,class2_C,L/T185,SLA,#409F54,HLA,#B23A94,185
