analysis,position,agreement,smoothed
class1,3,0.992063492063492,
class1,4,0.996031746031746,
class1,5,0.0198412698412698,
class1,6,0.3809523809523809,
class1,7,0.996031746031746,
class1,8,0.9563492063492064,0.7535714285714286
class1,9,0.5476190476190477,0.7531746031746032
class1,10,0.9444444444444444,0.7523809523809524
class1,11,0.8015873015873016,0.8492063492063492
class1,12,0.9007936507936508,0.8174603174603174
class1,13,0.988095238095238,0.7976190476190477
class1,14,0.988095238095238,0.8
class1,15,0.988095238095238,0.763095238095238
class1,16,0.0634920634920634,0.703968253968254
class1,17,0.7976190476190477,0.7119047619047618
class1,18,0.98015873015873,0.7154761904761905
class1,19,0.1785714285714285,0.6777777777777778
class1,20,0.3531746031746032,0.6222222222222222
class1,21,0.8809523809523809,0.6214285714285714
class1,22,0.9365079365079364,0.7146825396825396
class1,23,0.6111111111111112,0.7295152295152295
class1,24,0.4325396825396825,0.726093951093951
class1,25,0.98015873015873,0.8066924066924066
class1,26,0.996031746031746,0.8706027456027456
class1,27,0.945945945945946,0.8813492063492063
class1,28,0.945945945945946,0.8811347061347062
class1,29,0.9845559845559846,0.9192513942513942
class1,30,0.9922779922779924,0.9752252252252251
class1,31,0.9884169884169884,0.9721900471900472
class1,32,0.9343629343629344,0.9714285714285712
class1,33,0.9922779922779924,0.9725868725868724
class1,34,0.9922779922779924,0.9694980694980696
class1,35,0.9498069498069498,0.9563706563706564
class1,36,0.9884169884169884,0.955984555984556
class1,37,0.9575289575289576,0.8610038610038611
class1,38,0.915057915057915,0.7675675675675675
class1,39,0.8532818532818532,0.7484954103631146
class1,40,0.9884169884169884,0.7361401980079023
class1,41,0.0386100386100386,0.6593062211739255
class1,42,0.0,0.6539008157685201
class1,43,0.8015564202334631,0.655831317699022
class1,44,0.8687258687258688,0.6631672250349293
class1,45,0.1814671814671814,0.6612367231044274
class1,46,0.9343629343629344,0.6469510088187131
class1,47,0.9768339768339768,0.7419317037994081
class1,48,0.9884169884169884,0.7612367231044275
class1,49,0.833976833976834,0.7281853281853282
class1,50,0.8455598455598455,0.7204633204633205
class1,51,0.9884169884169884,0.7984555984555984
class1,52,0.193050193050193,0.7972372038519898
class1,53,0.471042471042471,0.7119090185238045
class1,54,0.7915057915057915,0.6779321845469706
class1,55,0.9613899613899614,0.692984113552388
class1,56,0.9221789883268484,0.7061025476010545
class1,57,0.1235521235521235,0.7053228642632317
class1,58,0.6486486486486487,0.7489522078925753
class1,59,0.9844961240310076,0.7802263391667065
class1,60,0.9767441860465116,0.8006896596300269
class1,61,0.9806201550387597,0.7593769183172857
class1,62,0.6293436293436293,0.695344347669929
class1,63,0.7837837837837838,0.6980470503726318
class1,64,0.996138996138996,0.6883945407201221
class1,65,0.5482625482625483,0.5934198317919248
class1,66,0.2818532818532818,0.5011508185926791
class1,67,0.1505791505791505,0.4772200772200771
class1,68,0.5521235521235521,0.5057915057915058
class1,69,0.0347490347490347,0.4526069258627398
class1,70,0.054054054054054,0.3653482386040526
class1,71,0.7413127413127413,0.4051165783723923
class1,72,0.915057915057915,0.4549235281793422
class1,73,0.251937984496124,0.4607150339708479
class1,74,0.1235521235521235,0.504730477986292
class1,75,0.945945945945946,0.5224910957469097
class1,76,0.7799227799227799,0.5518347250905391
class1,77,0.2084942084942085,0.558784532040346
class1,78,0.9922779922779924,0.548745922001736
class1,79,0.2123552123552123,0.6158301158301158
class1,80,0.3474903474903475,0.6992277992277993
class1,81,0.8108108108108109,0.7003861003861005
class1,82,0.8146718146718147,0.7212355212355213
class1,83,0.9227799227799228,0.7961389961389962
class1,84,0.9575289575289576,0.7957528957528958
class1,85,0.9575289575289576,0.8640926640926642
class1,86,0.9884169884169884,0.916988416988417
class1,87,0.9575289575289576,0.9316602316602316
class1,88,0.9884169884169884,0.949034749034749
class1,89,0.8957528957528957,0.955984555984556
class1,90,0.8764478764478765,0.9494208494208496
class1,91,0.9575289575289576,0.9154440154440155
class1,92,0.9884169884169884,0.9123552123552126
class1,93,0.9922779922779924,0.8335907335907334
class1,94,0.8918918918918919,0.8254826254826255
class1,95,0.6177606177606177,0.8173745173745173
class1,96,0.9575289575289576,0.8293391047297296
class1,97,0.1698841698841698,0.8335862089768341
class1,98,0.9073359073359072,0.7890413851351352
class1,99,0.8146718146718147,0.7460635859073359
class1,100,0.99609375,0.7541400217181466
class1,101,1.0,0.7798639599420849
class1,102,0.54296875,0.7817581230127186
class1,103,0.5625,0.8608481373968507
class1,104,0.97265625,0.7775655270554168
class1,105,0.875,0.7577584246396187
class1,106,0.976470588235294,0.7573647359141285
class1,107,0.9607843137254902,0.7346196378749128
class1,108,0.0745098039215686,0.7779698216984422
class1,109,0.616600790513834,0.8170139393455009
class1,110,0.992156862745098,0.7311208633651088
class1,111,0.7725490196078432,0.7436208633651089
class1,112,0.976470588235294,0.6644051770905991
class1,113,0.9529411764705882,0.6451894908160892
class1,114,0.1137254901960784,0.7373463535611873
class1,115,1.0,0.7756862745098039
class1,116,0.1843137254901961,0.7717647058823529
class1,117,0.7686274509803922,0.6945098039215687
class1,118,0.996078431372549,0.6968627450980392
class1,119,1.0,0.7015686274509804
class1,120,0.9529411764705882,0.7603921568627451
class1,121,0.0,0.7525490196078432
class1,122,1.0,0.8341176470588234
class1,123,1.0,0.856078431372549
class1,124,0.7019607843137254,0.8552941176470588
class1,125,0.9215686274509804,0.8552941176470588
class1,126,1.0,0.8588235294117647
class1,127,0.9882352941176472,0.9474509803921568
class1,128,0.9882352941176472,0.9462745098039216
class1,129,1.0,0.9454901960784314
class1,130,0.9882352941176472,0.9752941176470588
class1,131,0.8862745098039215,0.9831372549019608
class1,132,0.9882352941176472,0.9772549019607844
class1,133,0.992156862745098,0.9729411764705884
class1,134,1.0,0.931764705882353
class1,135,1.0,0.9270588235294116
class1,136,0.9411764705882352,0.927843137254902
class1,137,0.9450980392156862,0.9372549019607842
class1,138,0.5764705882352941,0.9352941176470588
class1,139,0.9529411764705882,0.8984313725490196
class1,140,0.996078431372549,0.8070588235294117
class1,141,0.9803921568627452,0.8054901960784313
class1,142,0.9686274509803922,0.8113725490196078
class1,143,0.6235294117647059,0.7813158700980392
class1,144,0.0862745098039215,0.8127313112745098
class1,145,0.984313725490196,0.8059747430345656
class1,146,1.0,0.7961708214659382
class1,147,0.64453125,0.7016610175443695
class1,148,0.890625,0.6404845469561342
class1,149,0.8853754940711462,0.6742100371522126
class1,150,0.8980392156862745,0.7655825861718204
class1,151,0.0352941176470588,0.7200923900933891
class1,152,0.3568627450980392,0.6389159195051538
class1,153,0.9607843137254902,0.6713255396031931
class1,154,1.0,0.5873610788188793
class1,155,0.5294117647058824,0.5988235294117648
class1,156,0.188235294117647,0.6090196078431372
class1,157,0.9686274509803922,0.6346240543461479
class1,158,0.0509803921568627,0.6930322680253205
class1,159,1.0,0.6229380886212753
class1,160,1.0,0.6225443878338737
class1,161,0.2913385826771653,0.6680221836953013
class1,162,0.9409448818897638,0.7456129969130186
class1,163,0.2598425196850393,0.7013398932492424
class1,164,0.9960629921259844,0.7962418540335562
class1,165,0.984189723320158,0.7388713361052692
class1,166,0.9641434262948207,0.6619789058263847
class1,167,0.5258964143426295,0.7328450475586682
class1,168,1.0,0.7387505593696918
class1,169,0.4262948207171315,0.7934114686915106
class1,170,0.2310756972111553,0.697030975930525
class1,171,1.0,0.697805551985606
class1,172,1.0,0.6876815319367691
class1,173,0.8064516129032258,0.640333825986377
class1,174,0.032258064516129,0.6322693098573448
class1,175,0.9919354838709676,0.6888333761727284
class1,176,0.8629032258064516,0.7633064516129032
class1,177,0.0524193548387096,0.7600806451612903
class1,178,0.9193548387096774,0.7504032258064516
class1,179,0.9919354838709676,0.7559485407066052
class1,180,0.9758064516129032,0.768437019969278
class1,181,0.967741935483871,0.7692434715821813
class1,182,0.9032258064516128,0.7824769585253456
class1,183,0.861904761904762,0.8748540706605222
class1,184,0.1571428571428571,0.8805376344086022
class1,185,1.0,0.8775345622119817
class1,186,0.9952380952380953,0.8799539170506913
class1,187,0.9761904761904762,0.7831797235023041
class1,188,0.9761904761904762,0.7923693379790941
class1,189,0.961904761904762,0.806178861788618
class1,190,1.0,0.7904645760743322
class1,191,0.0,0.7855865272938443
class1,192,0.9951219512195122,0.7860627177700348
class1,193,1.0,0.6884436701509873
class1,194,0.0,0.5908246225319396
class1,195,0.951219512195122,0.4951219512195122
class1,196,1.0,0.4951219512195122
class1,197,0.0,0.5941463414634146
class1,198,0.0,0.5946341463414634
class1,199,0.0048780487804878,0.5946341463414634
class1,200,1.0,0.6946341463414634
class1,201,0.9902439024390244,0.6995121951219512
class1,202,1.0,0.6990243902439024
class1,203,1.0,0.7990243902439025
class1,204,1.0,0.8990243902439025
class1,205,1.0,0.9965853658536586
class1,206,0.9951219512195122,0.9965853658536584
class1,207,1.0,0.8975609756097562
class1,208,1.0,0.8970731707317073
class1,209,0.9804878048780488,0.8965853658536584
class1,210,1.0,0.7965853658536586
class1,211,0.0,0.7965853658536586
class1,212,0.9951219512195122,0.791219512195122
class1,213,0.9951219512195122,0.791219512195122
class1,214,0.0,0.7883068908358986
class1,215,1.0,0.7790930618044045
class1,216,0.9414634146341464,0.6834619938432394
class1,217,1.0,0.7829765569500355
class1,218,0.970873786407767,0.6878332938669193
class1,219,0.8883495145631068,0.688321098744968
class1,220,0.0436893203883495,0.784437603599337
class1,221,0.9951456310679612,0.6902628463177836
class1,222,0.0436893203883495,0.6961165048543689
class1,223,1.0,0.6961165048543689
class1,224,0.9611650485436892,0.5990291262135923
class1,225,0.058252427184466,0.6101941747572815
class1,226,1.0,0.7024106085721051
class1,227,1.0,0.702896045465309
class1,228,0.0,0.7980393085484253
class1,229,1.0,0.7980393085484253
class1,230,0.9658536585365852,0.8019228036940564
class1,231,1.0,0.8960975609756098
class1,232,0.9951219512195122,0.7960975609756098
class1,233,1.0,0.7960975609756098
class1,234,1.0,0.8960975609756098
class1,235,1.0,0.8902439024390244
class1,236,0.0,0.893658536585366
class1,237,1.0,0.893658536585366
class1,238,1.0,0.893658536585366
class1,239,0.9414634146341464,0.8921951219512195
class1,240,1.0,0.8921951219512195
class1,241,1.0,0.891690071446169
class1,242,0.9951219512195122,0.9916900714461688
class1,243,0.9853658536585366,0.891690071446169
class1,244,1.0,0.891690071446169
class1,245,0.9949494949494948,0.8975437299827543
class1,246,1.0,0.8975437299827543
class1,247,0.0,0.8025942350332593
class1,248,1.0,0.8030820399113082
class1,249,1.0,0.7989898989898989
class1,250,1.0,0.7989898989898989
class1,251,0.0505050505050505,0.7994949494949495
class1,252,1.0,0.6994949494949495
class1,253,0.9444444444444444,0.7994949494949495
class1,254,1.0,0.7994949494949495
class1,255,1.0,0.7994949494949495
class1,256,0.0,0.794949494949495
class1,257,1.0,0.8843434343434344
class1,258,1.0,0.8818181818181818
class1,259,1.0,0.8868686868686868
class1,260,0.9545454545454546,0.8868686868686868
class1,261,0.9444444444444444,0.8868686868686868
class1,262,0.9747474747474748,0.9868686868686868
class1,263,0.9949494949494948,0.8924242424242423
class1,264,1.0,0.8853535353535353
class1,265,1.0,0.8838459976650931
class1,266,1.0,0.8878889396477335
class1,267,0.0555555555555555,0.8934444952032891
class1,268,0.9292929292929292,0.8954646972234912
class1,269,0.984924623115578,0.8904141921729861
class1,270,0.9949748743718592,0.8904141921729861
class1,271,1.0,0.8116263133851074
class1,272,0.9949494949494948,0.8090882423191175
class1,273,0.9444444444444444,0.8217145049453801
class1,274,1.0,0.7292902625211377
class1,275,0.2121212121212121,0.7141311335429132
class1,276,0.9746192893401016,0.7109494355794115
class1,277,0.1818181818181818,0.6109494355794115
class1,278,0.005050505050505,0.5165306282164417
class1,279,0.8333333333333334,0.5144719705740277
class1,280,0.963157894736842,0.4977207015384947
class1,281,0.0,0.5699095955547999
class1,282,0.0507614213197969,0.5673715244888101
class1,283,0.9238578680203046,0.6486820920937939
class1,284,0.8324873096446701,0.6522379552943272
class1,285,0.934010152284264,0.5716073246636966
class1,286,0.949238578680203,0.5698567525813167
class1,287,0.9949238578680204,0.6608567525813167
class1,288,0.0406091370558375,0.6595541953549974
class1,289,0.027027027027027,0.589598315095023
class1,290,0.9456521739130436,0.5686352984162703
class1,291,0.91,0.4752342831878439
class1,292,0.0377358490566037,0.426907283958567
class1,293,0.2242990654205607,0.3365985716411527
class1,294,0.6228571428571429,0.3350886783437322
class1,295,0.0,0.3879982205389887
class1,296,0.4659685863874345,0.3041472888619702
class1,297,0.0918367346938775,0.2790813547960361
class1,298,0.0255102040816326,0.3611001196171516
class1,299,0.5561224489795918,0.4011067612984458
class1,300,0.1071428571428571,0.3499885597030868
class1,301,0.6593406593406593,0.4018602174570975
class1,302,0.8579234972677595,0.3731011966561919
class1,303,0.6243654822335025,0.4282418475111285
class1,304,0.1116751269035533,0.4278298645361202
class1,305,0.5187165775401069,0.3747556907041509
class1,306,0.1783783783783784,0.3863764303705759
class1,307,0.6432432432432432,0.4001377959085911
class1,308,0.0213903743315508,0.3143454461818152
class1,309,0.0253807106598984,
class1,310,0.2233502538071066,
class1,311,0.7969543147208121,
class1,312,0.0,
class2,9,0.2318840579710145,
class2,10,0.4100719424460431,
class2,11,0.6618705035971223,
class2,12,0.8940397350993378,
class2,13,0.4569536423841059,
class2,14,0.6490066225165563,0.6787270212623452
class2,15,1.0,0.752227357187098
class2,16,0.847682119205298,0.8112201629424936
class2,17,0.9867549668874172,0.8443708609271523
class2,18,0.6490066225165563,0.8178807947019868
class2,19,0.9668874172185432,0.8649006622516555
class2,20,1.0,0.8973509933774835
class2,21,0.9933774834437086,0.8867549668874173
class2,22,0.6291390728476821,0.8629139072847682
class2,23,0.9271523178807948,0.856953642384106
class2,24,0.9735099337748344,0.8582781456953642
class2,25,0.8940397350993378,0.8523178807947019
class2,26,0.609271523178808,0.8059602649006623
class2,27,0.9271523178807948,0.7589403973509933
class2,28,0.6622516556291391,0.7913907284768211
class2,29,0.9072847682119204,0.7688741721854304
class2,30,0.5364238410596026,0.6741721854304635
class2,31,0.5231788079470199,0.6735099337748345
class2,32,0.9536423841059604,0.7125827814569536
class2,33,0.7019867549668874,0.6476821192052981
class2,34,0.0264900662251655,0.6483443708609271
class2,35,0.8874172185430463,0.6576158940397351
class2,36,1.0,0.7039735099337748
class2,37,0.2781456953642384,0.7516556291390728
class2,38,0.6688741721854304,0.7562913907284768
class2,39,1.0,0.7834437086092716
class2,40,1.0,0.8701986754966887
class2,41,1.0,0.8814569536423841
class2,42,1.0,0.8523178807947019
class2,43,0.9735099337748344,0.8960264900662253
class2,44,0.8940397350993378,0.9271523178807948
class2,45,1.0,0.9086092715231788
class2,46,0.7086092715231788,0.9086092715231788
class2,47,0.7152317880794702,0.9086092715231788
class2,48,0.9801324503311258,0.9
class2,49,0.8145695364238411,0.8865416240721808
class2,50,1.0,0.8971376505622471
class2,51,1.0,0.8629094626427841
class2,52,0.913907284768212,0.891377394550869
class2,53,0.8389261744966443,0.8909951553402372
class2,54,1.0,0.8902973465487355
class2,55,0.6577181208053692,0.8095115338459486
class2,56,0.9932885906040269,0.7772967687452775
class2,57,0.7114093959731543,0.7625316680741366
class2,58,0.9731543624161074,0.7711409395973154
class2,59,0.0067114093959731,0.7604026845637584
class2,60,0.6778523489932886,0.7496644295302013
class2,61,0.8523489932885906,0.7825503355704697
class2,62,1.0,0.7630872483221476
class2,63,0.7315436241610739,0.7469798657718121
class2,64,0.8926174496644296,0.7342281879194631
class2,65,0.9865771812080536,0.8335570469798658
class2,66,0.7986577181208053,0.8268456375838925
class2,67,0.5503355704697986,0.8026845637583893
class2,68,0.8456375838926175,0.8026845637583893
class2,69,1.0,0.8228187919463087
class2,70,0.610738255033557,0.7818791946308724
class2,71,0.610738255033557,0.7805369127516778
class2,72,1.0,0.8006711409395972
class2,73,0.9328859060402684,0.8389261744966442
class2,74,0.4832214765100671,0.8406219580921153
class2,75,0.9731543624161074,0.8406219580921153
class2,76,1.0,0.8345099646498284
class2,77,0.9328859060402684,0.8726424883528218
class2,78,0.8625954198473282,0.8718488375591711
class2,79,1.0,0.8785602469551442
class2,80,0.549618320610687,0.8762698453358835
class2,81,0.992063492063492,0.7837163138561776
class2,82,0.992063492063492,0.7233988535387172
class2,83,1.0,0.6434435962680237
class2,84,0.4603174603174603,0.5580315119104096
class2,85,0.0476190476190476,0.5563365966561723
class2,86,0.3968253968253968,0.5439834602472774
class2,87,0.1333333333333333,0.5447771110409283
class2,88,0.0084745762711864,0.4880486379407737
class2,89,0.9830508474576272,0.4880486379407737
class2,90,0.4260869565217391,0.5420168919090276
class2,91,1.0,0.5857843989118288
class2,92,0.4247787610619469,0.5608077415822302
class2,93,1.0,0.647474408248897
class2,94,1.0,0.6951563623864842
class2,95,0.4852941176470588,0.6968512776407214
class2,96,0.1470588235294117,0.7542425819885475
class2,97,1.0,0.7542425819885475
class2,98,0.4852941176470588,0.8117647058823529
class2,99,1.0,0.8117647058823529
class2,100,1.0,0.7990662931839403
class2,101,1.0,0.8029178338001867
class2,102,1.0,0.8405929038281978
class2,103,1.0,0.8405929038281978
class2,104,0.873015873015873,0.8920634920634921
class2,105,0.5238095238095238,0.8904761904761905
class2,106,0.5238095238095238,0.8904761904761905
class2,107,1.0,0.8904761904761905
class2,108,1.0,0.8904761904761905
class2,109,0.984126984126984,0.8904761904761905
class2,110,1.0,0.9031746031746032
class2,111,1.0,0.9507936507936507
class2,112,1.0,0.9984126984126984
class2,113,1.0,0.9984126984126984
class2,114,1.0,0.9516385048643112
class2,115,1.0,0.9532258064516128
class2,116,1.0,0.9
class2,117,1.0,0.9
class2,118,0.532258064516129,0.9
class2,119,1.0,0.9
class2,120,0.4677419354838709,0.9
class2,121,1.0,0.8524590163934425
class2,122,1.0,0.8
class2,123,1.0,0.7
class2,124,1.0,0.746774193548387
class2,125,0.5245901639344263,0.746774193548387
class2,126,0.4754098360655737,0.7524590163934426
class2,127,0.0,0.7524590163934426
class2,128,1.0,0.7524590163934426
class2,129,1.0,0.7508196721311475
class2,130,0.5245901639344263,0.7508196721311475
class2,131,1.0,0.759016393442623
class2,132,1.0,0.8114754098360656
class2,133,0.9836065573770492,0.9114754098360656
class2,134,1.0,0.9114754098360656
class2,135,0.6065573770491803,0.8590163934426229
class2,136,1.0,0.8278688524590162
class2,137,1.0,0.8278688524590164
class2,138,1.0,0.8262295081967214
class2,139,0.4754098360655737,0.8278688524590164
class2,140,0.2131147540983606,0.8278688524590164
class2,141,1.0,0.8672131147540982
class2,142,0.9836065573770492,0.8672131147540982
class2,143,1.0,0.8672131147540982
class2,144,1.0,0.8672131147540982
class2,145,1.0,0.8680054644808743
class2,146,1.0,0.9466939890710382
class2,147,1.0,0.9466939890710382
class2,148,1.0,0.9483333333333333
class2,149,0.4833333333333333,0.9483333333333333
class2,150,1.0,0.9483333333333333
class2,151,1.0,0.8999999999999998
class2,152,1.0,0.8983333333333332
class2,153,1.0,0.85
class2,154,1.0,0.7983333333333332
class2,155,0.5166666666666667,0.85
class2,156,0.9833333333333332,0.85
class2,157,0.5166666666666667,0.85
class2,158,0.4833333333333333,0.85
class2,159,1.0,0.85
class2,160,1.0,0.8016666666666665
class2,161,1.0,0.8016666666666665
class2,162,1.0,0.7516666666666666
class2,163,1.0,0.8
class2,164,0.5166666666666667,0.8516666666666666
class2,165,0.5166666666666667,0.8516666666666666
class2,166,0.4833333333333333,0.8516666666666666
class2,167,1.0,0.8516666666666666
class2,168,1.0,0.8133333333333332
class2,169,1.0,0.8133333333333332
class2,170,1.0,0.7616666666666666
class2,171,1.0,0.8099999999999999
class2,172,0.6166666666666667,0.8616666666666667
class2,173,1.0,0.8616666666666667
class2,174,0.0,0.8133333333333332
class2,175,1.0,0.8133333333333332
class2,176,1.0,0.8016666666666665
class2,177,1.0,0.8016666666666665
class2,178,0.5166666666666667,0.8049999999999999
class2,179,1.0,0.8049999999999999
class2,180,0.8833333333333333,0.8533333333333332
class2,181,1.0,0.8049999999999999
class2,182,0.65,0.8049999999999999
class2,183,1.0,0.8049999999999999
class2,184,0.4833333333333333,0.8533333333333332
class2,185,0.5166666666666667,0.8533333333333332
class2,186,1.0,0.8649999999999999
class2,187,1.0,0.8649999999999999
class2,188,1.0,0.9
class2,189,1.0,0.9
class2,190,1.0,0.9516666666666664
class2,191,1.0,1.0
class2,192,1.0,1.0
class2,193,1.0,0.9483333333333333
class2,194,1.0,0.9483333333333333
class2,195,1.0,0.9483333333333333
class2,196,1.0,0.8966666666666665
class2,197,0.4833333333333333,0.8966666666666665
class2,198,1.0,0.8966666666666665
class2,199,1.0,0.8233333333333333
class2,200,0.4833333333333333,0.8233333333333333
class2,201,1.0,0.8233333333333333
class2,202,1.0,0.8233333333333333
class2,203,0.2666666666666666,0.875
class2,204,1.0,0.875
class2,205,1.0,0.875
class2,206,1.0,0.9266666666666664
class2,207,1.0,0.9266666666666664
class2,208,1.0,0.9266666666666664
class2,209,1.0,0.9483333333333333
class2,210,1.0,0.8966666666666665
class2,211,1.0,0.845
class2,212,1.0,0.845
class2,213,0.4833333333333333,0.845
class2,214,0.4833333333333333,0.7966666666666666
class2,215,0.4833333333333333,0.7966666666666666
class2,216,1.0,0.7566666666666666
class2,217,1.0,0.7566666666666666
class2,218,0.5166666666666667,0.7049999999999998
class2,219,1.0,0.7549999999999999
class2,220,0.6,0.8066666666666666
class2,221,1.0,0.8583333333333332
class2,222,0.4833333333333333,
class2,223,0.9833333333333332,
class2,224,1.0,
class2,225,1.0,
