analysis,figure,hla_comparator_locus,position,agreement_gaps_excluded,agreement_gaps_as_mismatch,coverage_share_of_pairs,n_sla_proteins,n_hla_comparators
class1,S8,A,3,0.95238,0.90909,0.95455,22,8
class1,S8,A,4,0.95238,0.90909,0.95455,22,8
class1,S8,A,5,0.0,0.0,0.95455,22,8
class1,S8,A,6,0.42857,0.40909,0.95455,22,8
class1,S8,A,7,0.95238,0.90909,0.95455,22,8
class1,S8,A,8,0.95238,0.90909,0.95455,22,8
class1,S8,A,9,0.33333,0.31818,0.95455,22,8
class1,S8,A,10,0.95238,0.90909,0.95455,22,8
class1,S8,A,11,0.0,0.0,0.95455,22,8
class1,S8,A,12,0.95238,0.90909,0.95455,22,8
class1,S8,A,13,0.95238,0.90909,0.95455,22,8
class1,S8,A,14,0.95238,0.90909,0.95455,22,8
class1,S8,A,15,1.0,0.95455,0.95455,22,8
class1,S8,A,16,0.0,0.0,0.95455,22,8
class1,S8,A,17,0.71429,0.68182,0.95455,22,8
class1,S8,A,18,0.95238,0.90909,0.95455,22,8
class1,S8,A,19,0.33333,0.31818,0.95455,22,8
class1,S8,A,20,0.38095,0.36364,0.95455,22,8
class1,S8,A,21,0.95238,0.90909,0.95455,22,8
class1,S8,A,22,0.95238,0.90909,0.95455,22,8
class1,S8,A,23,0.7619,0.72727,0.95455,22,8
class1,S8,A,24,0.61905,0.59091,0.95455,22,8
class1,S8,A,25,0.95238,0.90909,0.95455,22,8
class1,S8,A,26,0.95238,0.90909,0.95455,22,8
class1,S8,A,27,0.95455,0.95455,1.0,22,8
class1,S8,A,28,0.95455,0.95455,1.0,22,8
class1,S8,A,29,0.95455,0.95455,1.0,22,8
class1,S8,A,30,0.95455,0.95455,1.0,22,8
class1,S8,A,31,0.95455,0.95455,1.0,22,8
class1,S8,A,32,0.95455,0.95455,1.0,22,8
class1,S8,A,33,0.90909,0.90909,1.0,22,8
class1,S8,A,34,1.0,1.0,1.0,22,8
class1,S8,A,35,1.0,1.0,1.0,22,8
class1,S8,A,36,0.95455,0.95455,1.0,22,8
class1,S8,A,37,0.95455,0.95455,1.0,22,8
class1,S8,A,38,0.86364,0.86364,1.0,22,8
class1,S8,A,39,0.86364,0.86364,1.0,22,8
class1,S8,A,40,0.95455,0.95455,1.0,22,8
class1,S8,A,41,0.0,0.0,1.0,22,8
class1,S8,A,42,0.0,0.0,1.0,22,8
class1,S8,A,43,0.0,0.0,1.0,22,8
class1,S8,A,44,0.90909,0.90909,1.0,22,8
class1,S8,A,45,0.95455,0.95455,1.0,22,8
class1,S8,A,46,0.95455,0.95455,1.0,22,8
class1,S8,A,47,0.95455,0.95455,1.0,22,8
class1,S8,A,48,0.95455,0.95455,1.0,22,8
class1,S8,A,49,0.77273,0.77273,1.0,22,8
class1,S8,A,50,0.81818,0.81818,1.0,22,8
class1,S8,A,51,0.95455,0.95455,1.0,22,8
class1,S8,A,52,0.90909,0.90909,1.0,22,8
class1,S8,A,53,0.5,0.5,1.0,22,8
class1,S8,A,54,0.86364,0.86364,1.0,22,8
class1,S8,A,55,0.90909,0.90909,1.0,22,8
class1,S8,A,56,0.81818,0.81818,1.0,22,8
class1,S8,A,57,0.0,0.0,1.0,22,8
class1,S8,A,58,0.40909,0.40909,1.0,22,8
class1,S8,A,59,0.95238,0.90909,0.95455,22,8
class1,S8,A,60,1.0,0.95455,0.95455,22,8
class1,S8,A,61,1.0,0.95455,0.95455,22,8
class1,S8,A,62,0.18182,0.18182,1.0,22,8
class1,S8,A,63,0.72727,0.72727,1.0,22,8
class1,S8,A,64,0.95455,0.95455,1.0,22,8
class1,S8,A,65,0.86364,0.86364,1.0,22,8
class1,S8,A,66,0.63636,0.63636,1.0,22,8
class1,S8,A,67,0.5,0.5,1.0,22,8
class1,S8,A,68,0.31818,0.31818,1.0,22,8
class1,S8,A,69,0.0,0.0,1.0,22,8
class1,S8,A,70,0.0,0.0,1.0,22,8
class1,S8,A,71,0.04545,0.04545,1.0,22,8
class1,S8,A,72,0.95455,0.95455,1.0,22,8
class1,S8,A,73,0.57143,0.54545,0.95455,22,8
class1,S8,A,74,0.13636,0.13636,1.0,22,8
class1,S8,A,75,1.0,1.0,1.0,22,8
class1,S8,A,76,0.90909,0.90909,1.0,22,8
class1,S8,A,77,0.36364,0.36364,1.0,22,8
class1,S8,A,78,0.95455,0.95455,1.0,22,8
class1,S8,A,79,0.04545,0.04545,1.0,22,8
class1,S8,A,80,0.72727,0.72727,1.0,22,8
class1,S8,A,81,0.81818,0.81818,1.0,22,8
class1,S8,A,82,0.86364,0.86364,1.0,22,8
class1,S8,A,83,0.95455,0.95455,1.0,22,8
class1,S8,A,84,0.95455,0.95455,1.0,22,8
class1,S8,A,85,0.95455,0.95455,1.0,22,8
class1,S8,A,86,0.90909,0.90909,1.0,22,8
class1,S8,A,87,0.95455,0.95455,1.0,22,8
class1,S8,A,88,0.95455,0.95455,1.0,22,8
class1,S8,A,89,0.90909,0.90909,1.0,22,8
class1,S8,A,90,0.63636,0.63636,1.0,22,8
class1,S8,A,91,0.95455,0.95455,1.0,22,8
class1,S8,A,92,0.95455,0.95455,1.0,22,8
class1,S8,A,93,0.90909,0.90909,1.0,22,8
class1,S8,A,94,0.86364,0.86364,1.0,22,8
class1,S8,A,95,0.54545,0.54545,1.0,22,8
class1,S8,A,96,0.95455,0.95455,1.0,22,8
class1,S8,A,97,0.22727,0.22727,1.0,22,8
class1,S8,A,98,0.90909,0.90909,1.0,22,8
class1,S8,A,99,0.86364,0.86364,1.0,22,8
class1,S8,A,100,1.0,0.95455,0.95455,22,8
class1,S8,A,101,1.0,0.95455,0.95455,22,8
class1,S8,A,102,0.80952,0.77273,0.95455,22,8
class1,S8,A,103,0.80952,0.77273,0.95455,22,8
class1,S8,A,104,0.95238,0.90909,0.95455,22,8
class1,S8,A,105,0.42857,0.40909,0.95455,22,8
class1,S8,A,106,1.0,0.90909,0.90909,22,8
class1,S8,A,107,0.9,0.81818,0.90909,22,8
class1,S8,A,108,0.0,0.0,0.90909,22,8
class1,S8,A,109,0.5,0.45455,0.90909,22,8
class1,S8,A,110,1.0,0.90909,0.90909,22,8
class1,S8,A,111,0.65,0.59091,0.90909,22,8
class1,S8,A,112,1.0,0.90909,0.90909,22,8
class1,S8,A,113,1.0,0.90909,0.90909,22,8
class1,S8,A,114,0.55,0.5,0.90909,22,8
class1,S8,A,115,1.0,0.90909,0.90909,22,8
class1,S8,A,116,0.75,0.68182,0.90909,22,8
class1,S8,A,117,0.95,0.86364,0.90909,22,8
class1,S8,A,118,1.0,0.90909,0.90909,22,8
class1,S8,A,119,1.0,0.90909,0.90909,22,8
class1,S8,A,120,1.0,0.90909,0.90909,22,8
class1,S8,A,121,0.0,0.0,0.90909,22,8
class1,S8,A,122,1.0,0.90909,0.90909,22,8
class1,S8,A,123,1.0,0.90909,0.90909,22,8
class1,S8,A,124,0.7,0.63636,0.90909,22,8
class1,S8,A,125,1.0,0.90909,0.90909,22,8
class1,S8,A,126,1.0,0.90909,0.90909,22,8
class1,S8,A,127,1.0,0.90909,0.90909,22,8
class1,S8,A,128,1.0,0.90909,0.90909,22,8
class1,S8,A,129,1.0,0.90909,0.90909,22,8
class1,S8,A,130,1.0,0.90909,0.90909,22,8
class1,S8,A,131,0.9,0.81818,0.90909,22,8
class1,S8,A,132,1.0,0.90909,0.90909,22,8
class1,S8,A,133,1.0,0.90909,0.90909,22,8
class1,S8,A,134,1.0,0.90909,0.90909,22,8
class1,S8,A,135,1.0,0.90909,0.90909,22,8
class1,S8,A,136,0.95,0.86364,0.90909,22,8
class1,S8,A,137,1.0,0.90909,0.90909,22,8
class1,S8,A,138,0.45,0.40909,0.90909,22,8
class1,S8,A,139,1.0,0.90909,0.90909,22,8
class1,S8,A,140,1.0,0.90909,0.90909,22,8
class1,S8,A,141,1.0,0.90909,0.90909,22,8
class1,S8,A,142,1.0,0.90909,0.90909,22,8
class1,S8,A,143,0.65,0.59091,0.90909,22,8
class1,S8,A,144,0.85,0.77273,0.90909,22,8
class1,S8,A,145,1.0,0.90909,0.90909,22,8
class1,S8,A,146,1.0,0.90909,0.90909,22,8
class1,S8,A,147,0.57143,0.54545,0.95455,22,8
class1,S8,A,148,0.7619,0.72727,0.95455,22,8
class1,S8,A,149,0.90476,0.86364,0.95455,22,8
class1,S8,A,150,1.0,0.90909,0.90909,22,8
class1,S8,A,151,0.1,0.09091,0.90909,22,8
class1,S8,A,152,0.65,0.59091,0.90909,22,8
class1,S8,A,153,0.9,0.81818,0.90909,22,8
class1,S8,A,154,1.0,0.90909,0.90909,22,8
class1,S8,A,155,0.35,0.31818,0.90909,22,8
class1,S8,A,156,0.05,0.04545,0.90909,22,8
class1,S8,A,157,1.0,0.90909,0.90909,22,8
class1,S8,A,158,0.0,0.0,0.90909,22,8
class1,S8,A,159,1.0,0.90909,0.90909,22,8
class1,S8,A,160,1.0,0.86364,0.86364,22,8
class1,S8,A,161,0.21053,0.18182,0.86364,22,8
class1,S8,A,162,1.0,0.86364,0.86364,22,8
class1,S8,A,163,0.25,0.22727,0.90909,22,8
class1,S8,A,164,1.0,0.90909,0.90909,22,8
class1,S8,A,165,0.95,0.86364,0.90909,22,8
class1,S8,A,166,1.0,0.86364,0.86364,22,8
class1,S8,A,167,0.78947,0.68182,0.86364,22,8
class1,S8,A,168,1.0,0.86364,0.86364,22,8
class1,S8,A,169,0.21053,0.18182,0.86364,22,8
class1,S8,A,170,0.15789,0.13636,0.86364,22,8
class1,S8,A,171,1.0,0.77273,0.77273,22,8
class1,S8,A,172,1.0,0.77273,0.77273,22,8
class1,S8,A,173,0.76471,0.59091,0.77273,22,8
class1,S8,A,174,0.0,0.0,0.77273,22,8
class1,S8,A,175,1.0,0.77273,0.77273,22,8
class1,S8,A,176,0.82353,0.63636,0.77273,22,8
class1,S8,A,177,0.0,0.0,0.77273,22,8
class1,S8,A,178,1.0,0.77273,0.77273,22,8
class1,S8,A,179,1.0,0.77273,0.77273,22,8
class1,S8,A,180,1.0,0.77273,0.77273,22,8
class1,S8,A,181,1.0,0.77273,0.77273,22,8
class1,S8,A,182,0.0,0.0,0.77273,22,8
class1,S8,A,183,0.0,0.0,0.27273,22,8
class1,S8,A,184,1.0,0.27273,0.27273,22,8
class1,S8,A,185,1.0,0.27273,0.27273,22,8
class1,S8,A,186,1.0,0.27273,0.27273,22,8
class1,S8,A,187,1.0,0.27273,0.27273,22,8
class1,S8,A,188,1.0,0.27273,0.27273,22,8
class1,S8,A,189,0.0,0.0,0.27273,22,8
class1,S8,A,190,1.0,0.27273,0.27273,22,8
class1,S8,A,191,0.0,0.0,0.27273,22,8
class1,S8,A,192,1.0,0.22727,0.22727,22,8
class1,S8,A,193,1.0,0.22727,0.22727,22,8
class1,S8,A,194,0.0,0.0,0.22727,22,8
class1,S8,A,195,1.0,0.22727,0.22727,22,8
class1,S8,A,196,1.0,0.22727,0.22727,22,8
class1,S8,A,197,0.0,0.0,0.22727,22,8
class1,S8,A,198,0.0,0.0,0.22727,22,8
class1,S8,A,199,0.0,0.0,0.22727,22,8
class1,S8,A,200,1.0,0.22727,0.22727,22,8
class1,S8,A,201,1.0,0.22727,0.22727,22,8
class1,S8,A,202,1.0,0.22727,0.22727,22,8
class1,S8,A,203,1.0,0.22727,0.22727,22,8
class1,S8,A,204,1.0,0.22727,0.22727,22,8
class1,S8,A,205,1.0,0.22727,0.22727,22,8
class1,S8,A,206,1.0,0.22727,0.22727,22,8
class1,S8,A,207,1.0,0.22727,0.22727,22,8
class1,S8,A,208,1.0,0.22727,0.22727,22,8
class1,S8,A,209,1.0,0.22727,0.22727,22,8
class1,S8,A,210,1.0,0.22727,0.22727,22,8
class1,S8,A,211,0.0,0.0,0.22727,22,8
class1,S8,A,212,1.0,0.22727,0.22727,22,8
class1,S8,A,213,1.0,0.22727,0.22727,22,8
class1,S8,A,214,0.0,0.0,0.22727,22,8
class1,S8,A,215,1.0,0.22727,0.22727,22,8
class1,S8,A,216,0.8,0.18182,0.22727,22,8
class1,S8,A,217,1.0,0.22727,0.22727,22,8
class1,S8,A,218,0.83333,0.22727,0.27273,22,8
class1,S8,A,219,0.83333,0.22727,0.27273,22,8
class1,S8,A,220,0.0,0.0,0.27273,22,8
class1,S8,A,221,1.0,0.27273,0.27273,22,8
class1,S8,A,222,0.0,0.0,0.27273,22,8
class1,S8,A,223,1.0,0.27273,0.27273,22,8
class1,S8,A,224,0.83333,0.22727,0.27273,22,8
class1,S8,A,225,0.16667,0.04545,0.27273,22,8
class1,S8,A,226,1.0,0.22727,0.22727,22,8
class1,S8,A,227,1.0,0.22727,0.22727,22,8
class1,S8,A,228,0.0,0.0,0.22727,22,8
class1,S8,A,229,1.0,0.22727,0.22727,22,8
class1,S8,A,230,1.0,0.22727,0.22727,22,8
class1,S8,A,231,1.0,0.22727,0.22727,22,8
class1,S8,A,232,1.0,0.22727,0.22727,22,8
class1,S8,A,233,1.0,0.22727,0.22727,22,8
class1,S8,A,234,1.0,0.22727,0.22727,22,8
class1,S8,A,235,1.0,0.22727,0.22727,22,8
class1,S8,A,236,0.0,0.0,0.22727,22,8
class1,S8,A,237,1.0,0.22727,0.22727,22,8
class1,S8,A,238,1.0,0.22727,0.22727,22,8
class1,S8,A,239,1.0,0.22727,0.22727,22,8
class1,S8,A,240,1.0,0.22727,0.22727,22,8
class1,S8,A,241,1.0,0.22727,0.22727,22,8
class1,S8,A,242,1.0,0.22727,0.22727,22,8
class1,S8,A,243,1.0,0.22727,0.22727,22,8
class1,S8,A,244,1.0,0.22727,0.22727,22,8
class1,S8,A,245,1.0,0.18182,0.18182,22,8
class1,S8,A,246,1.0,0.18182,0.18182,22,8
class1,S8,A,247,0.0,0.0,0.18182,22,8
class1,S8,A,248,1.0,0.18182,0.18182,22,8
class1,S8,A,249,1.0,0.18182,0.18182,22,8
class1,S8,A,250,1.0,0.18182,0.18182,22,8
class1,S8,A,251,0.0,0.0,0.18182,22,8
class1,S8,A,252,1.0,0.18182,0.18182,22,8
class1,S8,A,253,1.0,0.18182,0.18182,22,8
class1,S8,A,254,1.0,0.18182,0.18182,22,8
class1,S8,A,255,1.0,0.18182,0.18182,22,8
class1,S8,A,256,0.0,0.0,0.18182,22,8
class1,S8,A,257,1.0,0.18182,0.18182,22,8
class1,S8,A,258,1.0,0.18182,0.18182,22,8
class1,S8,A,259,1.0,0.18182,0.18182,22,8
class1,S8,A,260,1.0,0.18182,0.18182,22,8
class1,S8,A,261,1.0,0.18182,0.18182,22,8
class1,S8,A,262,1.0,0.18182,0.18182,22,8
class1,S8,A,263,1.0,0.18182,0.18182,22,8
class1,S8,A,264,1.0,0.18182,0.18182,22,8
class1,S8,A,265,1.0,0.18182,0.18182,22,8
class1,S8,A,266,1.0,0.18182,0.18182,22,8
class1,S8,A,267,0.0,0.0,0.18182,22,8
class1,S8,A,268,0.0,0.0,0.18182,22,8
class1,S8,A,269,1.0,0.22727,0.22727,22,8
class1,S8,A,270,0.8,0.18182,0.22727,22,8
class1,S8,A,271,1.0,0.22727,0.22727,22,8
class1,S8,A,272,1.0,0.18182,0.18182,22,8
class1,S8,A,273,1.0,0.18182,0.18182,22,8
class1,S8,A,274,1.0,0.18182,0.18182,22,8
class1,S8,A,275,0.0,0.0,0.22727,22,8
class1,S8,A,276,0.2,0.04545,0.22727,22,8
class1,S8,A,277,0.0,0.0,0.04545,22,8
class1,S8,A,278,0.0,0.0,0.22727,22,8
class1,S8,A,279,0.8,0.18182,0.22727,22,8
class1,S8,A,280,1.0,0.22727,0.22727,22,8
class1,S8,A,281,0.0,0.0,0.22727,22,8
class1,S8,A,282,0.0,0.0,0.18182,22,8
class1,S8,A,283,1.0,0.18182,0.18182,22,8
class1,S8,A,284,0.75,0.13636,0.18182,22,8
class1,S8,A,285,1.0,0.18182,0.18182,22,8
class1,S8,A,286,1.0,0.18182,0.18182,22,8
class1,S8,A,287,1.0,0.18182,0.18182,22,8
class1,S8,A,288,0.75,0.13636,0.18182,22,8
class1,S8,A,289,0.0,0.0,0.18182,22,8
class1,S8,A,290,1.0,0.18182,0.18182,22,8
class1,S8,A,291,1.0,0.18182,0.18182,22,8
class1,S8,A,292,1.0,0.18182,0.18182,22,8
class1,S8,A,293,1.0,0.18182,0.18182,22,8
class1,S8,A,294,1.0,0.09091,0.09091,22,8
class1,S8,A,295,,0.0,0.0,22,8
class1,S8,A,296,0.0,0.0,0.18182,22,8
class1,S8,A,297,0.5,0.09091,0.18182,22,8
class1,S8,A,298,0.0,0.0,0.18182,22,8
class1,S8,A,299,0.0,0.0,0.18182,22,8
class1,S8,A,300,0.5,0.09091,0.18182,22,8
class1,S8,A,301,0.5,0.09091,0.18182,22,8
class1,S8,A,302,0.75,0.13636,0.18182,22,8
class1,S8,A,303,0.5,0.09091,0.18182,22,8
class1,S8,A,304,0.5,0.09091,0.18182,22,8
class1,S8,A,305,0.25,0.04545,0.18182,22,8
class1,S8,A,306,1.0,0.18182,0.18182,22,8
class1,S8,A,307,0.0,0.0,0.18182,22,8
class1,S8,A,308,1.0,0.18182,0.18182,22,8
class1,S8,A,309,1.0,0.18182,0.18182,22,8
class1,S8,A,310,0.0,0.0,0.18182,22,8
class1,S8,A,311,1.0,0.18182,0.18182,22,8
class1,S8,A,312,0.0,0.0,0.04545,22,8
class1,S8,B,3,1.0,0.94444,0.94444,36,21
class1,S8,B,4,1.0,0.94444,0.94444,36,21
class1,S8,B,5,0.14706,0.13889,0.94444,36,21
class1,S8,B,6,0.5,0.47222,0.94444,36,21
class1,S8,B,7,1.0,0.94444,0.94444,36,21
class1,S8,B,8,1.0,0.94444,0.94444,36,21
class1,S8,B,9,0.70588,0.66667,0.94444,36,21
class1,S8,B,10,0.94118,0.88889,0.94444,36,21
class1,S8,B,11,0.64706,0.61111,0.94444,36,21
class1,S8,B,12,0.38235,0.36111,0.94444,36,21
class1,S8,B,13,1.0,0.94444,0.94444,36,21
class1,S8,B,14,0.94118,0.88889,0.94444,36,21
class1,S8,B,15,0.91176,0.86111,0.94444,36,21
class1,S8,B,16,0.14706,0.13889,0.94444,36,21
class1,S8,B,17,0.70588,0.66667,0.94444,36,21
class1,S8,B,18,1.0,0.94444,0.94444,36,21
class1,S8,B,19,0.44118,0.41667,0.94444,36,21
class1,S8,B,20,0.58824,0.55556,0.94444,36,21
class1,S8,B,21,0.94118,0.88889,0.94444,36,21
class1,S8,B,22,0.85294,0.80556,0.94444,36,21
class1,S8,B,23,0.38235,0.36111,0.94444,36,21
class1,S8,B,24,0.35294,0.33333,0.94444,36,21
class1,S8,B,25,0.91176,0.86111,0.94444,36,21
class1,S8,B,26,1.0,0.94444,0.94444,36,21
class1,S8,B,27,0.94444,0.94444,1.0,36,21
class1,S8,B,28,0.94444,0.94444,1.0,36,21
class1,S8,B,29,0.94444,0.94444,1.0,36,21
class1,S8,B,30,1.0,1.0,1.0,36,21
class1,S8,B,31,0.94444,0.94444,1.0,36,21
class1,S8,B,32,0.55556,0.55556,1.0,36,21
class1,S8,B,33,1.0,1.0,1.0,36,21
class1,S8,B,34,0.94444,0.94444,1.0,36,21
class1,S8,B,35,1.0,1.0,1.0,36,21
class1,S8,B,36,0.94444,0.94444,1.0,36,21
class1,S8,B,37,1.0,1.0,1.0,36,21
class1,S8,B,38,0.94444,0.94444,1.0,36,21
class1,S8,B,39,0.77778,0.77778,1.0,36,21
class1,S8,B,40,0.94444,0.94444,1.0,36,21
class1,S8,B,41,0.0,0.0,1.0,36,21
class1,S8,B,42,0.0,0.0,0.94444,36,21
class1,S8,B,43,0.88235,0.83333,0.94444,36,21
class1,S8,B,44,0.80556,0.80556,1.0,36,21
class1,S8,B,45,0.72222,0.72222,1.0,36,21
class1,S8,B,46,0.55556,0.55556,1.0,36,21
class1,S8,B,47,0.91667,0.91667,1.0,36,21
class1,S8,B,48,0.94444,0.94444,1.0,36,21
class1,S8,B,49,0.94444,0.94444,1.0,36,21
class1,S8,B,50,0.80556,0.80556,1.0,36,21
class1,S8,B,51,0.94444,0.94444,1.0,36,21
class1,S8,B,52,0.75,0.75,1.0,36,21
class1,S8,B,53,0.52778,0.52778,1.0,36,21
class1,S8,B,54,0.83333,0.83333,1.0,36,21
class1,S8,B,55,0.97222,0.97222,1.0,36,21
class1,S8,B,56,1.0,0.94444,0.94444,36,21
class1,S8,B,57,0.22222,0.22222,1.0,36,21
class1,S8,B,58,0.69444,0.69444,1.0,36,21
class1,S8,B,59,0.94444,0.94444,1.0,36,21
class1,S8,B,60,0.91667,0.91667,1.0,36,21
class1,S8,B,61,0.94444,0.94444,1.0,36,21
class1,S8,B,62,0.66667,0.66667,1.0,36,21
class1,S8,B,63,0.80556,0.80556,1.0,36,21
class1,S8,B,64,1.0,1.0,1.0,36,21
class1,S8,B,65,0.88889,0.88889,1.0,36,21
class1,S8,B,66,0.77778,0.77778,1.0,36,21
class1,S8,B,67,0.41667,0.41667,1.0,36,21
class1,S8,B,68,0.72222,0.72222,1.0,36,21
class1,S8,B,69,0.0,0.0,1.0,36,21
class1,S8,B,70,0.38889,0.38889,1.0,36,21
class1,S8,B,71,0.38889,0.38889,1.0,36,21
class1,S8,B,72,0.83333,0.83333,1.0,36,21
class1,S8,B,73,0.41667,0.41667,1.0,36,21
class1,S8,B,74,0.47222,0.47222,1.0,36,21
class1,S8,B,75,1.0,1.0,1.0,36,21
class1,S8,B,76,0.02778,0.02778,1.0,36,21
class1,S8,B,77,0.5,0.5,1.0,36,21
class1,S8,B,78,1.0,1.0,1.0,36,21
class1,S8,B,79,0.41667,0.41667,1.0,36,21
class1,S8,B,80,0.30556,0.30556,1.0,36,21
class1,S8,B,81,0.83333,0.83333,1.0,36,21
class1,S8,B,82,0.83333,0.83333,1.0,36,21
class1,S8,B,83,0.55556,0.55556,1.0,36,21
class1,S8,B,84,1.0,1.0,1.0,36,21
class1,S8,B,85,1.0,1.0,1.0,36,21
class1,S8,B,86,0.97222,0.97222,1.0,36,21
class1,S8,B,87,1.0,1.0,1.0,36,21
class1,S8,B,88,0.94444,0.94444,1.0,36,21
class1,S8,B,89,0.86111,0.86111,1.0,36,21
class1,S8,B,90,0.77778,0.77778,1.0,36,21
class1,S8,B,91,1.0,1.0,1.0,36,21
class1,S8,B,92,0.94444,0.94444,1.0,36,21
class1,S8,B,93,1.0,1.0,1.0,36,21
class1,S8,B,94,0.91667,0.91667,1.0,36,21
class1,S8,B,95,0.58333,0.58333,1.0,36,21
class1,S8,B,96,1.0,1.0,1.0,36,21
class1,S8,B,97,0.13889,0.13889,1.0,36,21
class1,S8,B,98,0.75,0.75,1.0,36,21
class1,S8,B,99,0.88889,0.88889,1.0,36,21
class1,S8,B,100,1.0,0.94444,0.94444,36,21
class1,S8,B,101,1.0,0.94444,0.94444,36,21
class1,S8,B,102,0.58824,0.55556,0.94444,36,21
class1,S8,B,103,0.70588,0.66667,0.94444,36,21
class1,S8,B,104,0.91176,0.86111,0.94444,36,21
class1,S8,B,105,0.79412,0.75,0.94444,36,21
class1,S8,B,106,0.85294,0.80556,0.94444,36,21
class1,S8,B,107,1.0,0.94444,0.94444,36,21
class1,S8,B,108,0.17647,0.16667,0.94444,36,21
class1,S8,B,109,0.40625,0.36111,0.88889,36,21
class1,S8,B,110,0.94118,0.88889,0.94444,36,21
class1,S8,B,111,0.61765,0.58333,0.94444,36,21
class1,S8,B,112,0.85294,0.80556,0.94444,36,21
class1,S8,B,113,0.64706,0.61111,0.94444,36,21
class1,S8,B,114,0.02941,0.02778,0.94444,36,21
class1,S8,B,115,1.0,0.94444,0.94444,36,21
class1,S8,B,116,0.44118,0.41667,0.94444,36,21
class1,S8,B,117,0.79412,0.75,0.94444,36,21
class1,S8,B,118,1.0,0.94444,0.94444,36,21
class1,S8,B,119,1.0,0.94444,0.94444,36,21
class1,S8,B,120,0.97059,0.91667,0.94444,36,21
class1,S8,B,121,0.0,0.0,0.94444,36,21
class1,S8,B,122,1.0,0.94444,0.94444,36,21
class1,S8,B,123,1.0,0.94444,0.94444,36,21
class1,S8,B,124,0.67647,0.63889,0.94444,36,21
class1,S8,B,125,0.79412,0.75,0.94444,36,21
class1,S8,B,126,1.0,0.94444,0.94444,36,21
class1,S8,B,127,0.94118,0.88889,0.94444,36,21
class1,S8,B,128,0.94118,0.88889,0.94444,36,21
class1,S8,B,129,1.0,0.94444,0.94444,36,21
class1,S8,B,130,0.94118,0.88889,0.94444,36,21
class1,S8,B,131,0.20588,0.19444,0.94444,36,21
class1,S8,B,132,0.91176,0.86111,0.94444,36,21
class1,S8,B,133,0.94118,0.88889,0.94444,36,21
class1,S8,B,134,1.0,0.94444,0.94444,36,21
class1,S8,B,135,1.0,0.94444,0.94444,36,21
class1,S8,B,136,1.0,0.94444,0.94444,36,21
class1,S8,B,137,0.94118,0.88889,0.94444,36,21
class1,S8,B,138,0.58824,0.55556,0.94444,36,21
class1,S8,B,139,0.94118,0.88889,0.94444,36,21
class1,S8,B,140,0.97059,0.91667,0.94444,36,21
class1,S8,B,141,0.85294,0.80556,0.94444,36,21
class1,S8,B,142,0.79412,0.75,0.94444,36,21
class1,S8,B,143,0.79412,0.75,0.94444,36,21
class1,S8,B,144,0.14706,0.13889,0.94444,36,21
class1,S8,B,145,0.94118,0.88889,0.94444,36,21
class1,S8,B,146,1.0,0.94444,0.94444,36,21
class1,S8,B,147,0.79412,0.75,0.94444,36,21
class1,S8,B,148,0.70588,0.66667,0.94444,36,21
class1,S8,B,149,0.82353,0.77778,0.94444,36,21
class1,S8,B,150,0.76471,0.72222,0.94444,36,21
class1,S8,B,151,0.20588,0.19444,0.94444,36,21
class1,S8,B,152,0.55882,0.52778,0.94444,36,21
class1,S8,B,153,0.79412,0.75,0.94444,36,21
class1,S8,B,154,1.0,0.94444,0.94444,36,21
class1,S8,B,155,0.44118,0.41667,0.94444,36,21
class1,S8,B,156,0.05882,0.05556,0.94444,36,21
class1,S8,B,157,0.79412,0.75,0.94444,36,21
class1,S8,B,158,0.0,0.0,0.94444,36,21
class1,S8,B,159,1.0,0.94444,0.94444,36,21
class1,S8,B,160,1.0,0.94444,0.94444,36,21
class1,S8,B,161,0.26471,0.25,0.94444,36,21
class1,S8,B,162,0.94118,0.88889,0.94444,36,21
class1,S8,B,163,0.32353,0.30556,0.94444,36,21
class1,S8,B,164,1.0,0.94444,0.94444,36,21
class1,S8,B,165,0.93939,0.86111,0.91667,36,21
class1,S8,B,166,0.90909,0.83333,0.91667,36,21
class1,S8,B,167,0.54545,0.5,0.91667,36,21
class1,S8,B,168,1.0,0.91667,0.91667,36,21
class1,S8,B,169,0.57576,0.52778,0.91667,36,21
class1,S8,B,170,0.39394,0.36111,0.91667,36,21
class1,S8,B,171,1.0,0.91667,0.91667,36,21
class1,S8,B,172,1.0,0.91667,0.91667,36,21
class1,S8,B,173,0.8125,0.72222,0.88889,36,21
class1,S8,B,174,0.15625,0.13889,0.88889,36,21
class1,S8,B,175,0.9375,0.83333,0.88889,36,21
class1,S8,B,176,0.75,0.66667,0.88889,36,21
class1,S8,B,177,0.34375,0.30556,0.88889,36,21
class1,S8,B,178,0.6875,0.61111,0.88889,36,21
class1,S8,B,179,0.96875,0.86111,0.88889,36,21
class1,S8,B,180,0.8125,0.72222,0.88889,36,21
class1,S8,B,181,1.0,0.88889,0.88889,36,21
class1,S8,B,182,0.9375,0.83333,0.88889,36,21
class1,S8,B,183,0.53846,0.19444,0.36111,36,21
class1,S8,B,184,1.0,0.36111,0.36111,36,21
class1,S8,B,185,1.0,0.36111,0.36111,36,21
class1,S8,B,186,1.0,0.36111,0.36111,36,21
class1,S8,B,187,0.61538,0.22222,0.36111,36,21
class1,S8,B,188,0.61538,0.22222,0.36111,36,21
class1,S8,B,189,1.0,0.36111,0.36111,36,21
class1,S8,B,190,1.0,0.36111,0.36111,36,21
class1,S8,B,191,0.0,0.0,0.33333,36,21
class1,S8,B,192,1.0,0.33333,0.33333,36,21
class1,S8,B,193,1.0,0.33333,0.33333,36,21
class1,S8,B,194,0.0,0.0,0.33333,36,21
class1,S8,B,195,1.0,0.33333,0.33333,36,21
class1,S8,B,196,1.0,0.33333,0.33333,36,21
class1,S8,B,197,0.0,0.0,0.33333,36,21
class1,S8,B,198,0.0,0.0,0.33333,36,21
class1,S8,B,199,0.08333,0.02778,0.33333,36,21
class1,S8,B,200,1.0,0.33333,0.33333,36,21
class1,S8,B,201,1.0,0.33333,0.33333,36,21
class1,S8,B,202,1.0,0.33333,0.33333,36,21
class1,S8,B,203,1.0,0.33333,0.33333,36,21
class1,S8,B,204,1.0,0.33333,0.33333,36,21
class1,S8,B,205,1.0,0.33333,0.33333,36,21
class1,S8,B,206,1.0,0.33333,0.33333,36,21
class1,S8,B,207,1.0,0.33333,0.33333,36,21
class1,S8,B,208,1.0,0.33333,0.33333,36,21
class1,S8,B,209,1.0,0.33333,0.33333,36,21
class1,S8,B,210,1.0,0.33333,0.33333,36,21
class1,S8,B,211,0.0,0.0,0.33333,36,21
class1,S8,B,212,1.0,0.33333,0.33333,36,21
class1,S8,B,213,1.0,0.33333,0.33333,36,21
class1,S8,B,214,0.0,0.0,0.33333,36,21
class1,S8,B,215,1.0,0.33333,0.33333,36,21
class1,S8,B,216,0.83333,0.27778,0.33333,36,21
class1,S8,B,217,1.0,0.33333,0.33333,36,21
class1,S8,B,218,0.58333,0.19444,0.33333,36,21
class1,S8,B,219,1.0,0.33333,0.33333,36,21
class1,S8,B,220,0.0,0.0,0.33333,36,21
class1,S8,B,221,1.0,0.33333,0.33333,36,21
class1,S8,B,222,0.0,0.0,0.33333,36,21
class1,S8,B,223,1.0,0.33333,0.33333,36,21
class1,S8,B,224,1.0,0.33333,0.33333,36,21
class1,S8,B,225,0.0,0.0,0.33333,36,21
class1,S8,B,226,1.0,0.33333,0.33333,36,21
class1,S8,B,227,1.0,0.33333,0.33333,36,21
class1,S8,B,228,0.0,0.0,0.33333,36,21
class1,S8,B,229,1.0,0.33333,0.33333,36,21
class1,S8,B,230,0.58333,0.19444,0.33333,36,21
class1,S8,B,231,1.0,0.33333,0.33333,36,21
class1,S8,B,232,1.0,0.33333,0.33333,36,21
class1,S8,B,233,1.0,0.33333,0.33333,36,21
class1,S8,B,234,1.0,0.33333,0.33333,36,21
class1,S8,B,235,1.0,0.33333,0.33333,36,21
class1,S8,B,236,0.0,0.0,0.33333,36,21
class1,S8,B,237,1.0,0.33333,0.33333,36,21
class1,S8,B,238,1.0,0.33333,0.33333,36,21
class1,S8,B,239,0.0,0.0,0.33333,36,21
class1,S8,B,240,1.0,0.33333,0.33333,36,21
class1,S8,B,241,1.0,0.33333,0.33333,36,21
class1,S8,B,242,1.0,0.33333,0.33333,36,21
class1,S8,B,243,1.0,0.33333,0.33333,36,21
class1,S8,B,244,1.0,0.33333,0.33333,36,21
class1,S8,B,245,1.0,0.27778,0.27778,36,21
class1,S8,B,246,1.0,0.27778,0.27778,36,21
class1,S8,B,247,0.0,0.0,0.27778,36,21
class1,S8,B,248,1.0,0.27778,0.27778,36,21
class1,S8,B,249,1.0,0.27778,0.27778,36,21
class1,S8,B,250,1.0,0.27778,0.27778,36,21
class1,S8,B,251,0.0,0.0,0.27778,36,21
class1,S8,B,252,1.0,0.27778,0.27778,36,21
class1,S8,B,253,1.0,0.27778,0.27778,36,21
class1,S8,B,254,1.0,0.27778,0.27778,36,21
class1,S8,B,255,1.0,0.27778,0.27778,36,21
class1,S8,B,256,0.0,0.0,0.27778,36,21
class1,S8,B,257,1.0,0.27778,0.27778,36,21
class1,S8,B,258,1.0,0.27778,0.27778,36,21
class1,S8,B,259,1.0,0.27778,0.27778,36,21
class1,S8,B,260,1.0,0.27778,0.27778,36,21
class1,S8,B,261,1.0,0.27778,0.27778,36,21
class1,S8,B,262,0.5,0.13889,0.27778,36,21
class1,S8,B,263,1.0,0.27778,0.27778,36,21
class1,S8,B,264,1.0,0.27778,0.27778,36,21
class1,S8,B,265,1.0,0.27778,0.27778,36,21
class1,S8,B,266,1.0,0.27778,0.27778,36,21
class1,S8,B,267,0.0,0.0,0.27778,36,21
class1,S8,B,268,0.0,0.0,0.27778,36,21
class1,S8,B,269,1.0,0.27778,0.27778,36,21
class1,S8,B,270,1.0,0.27778,0.27778,36,21
class1,S8,B,271,1.0,0.27778,0.27778,36,21
class1,S8,B,272,1.0,0.27778,0.27778,36,21
class1,S8,B,273,1.0,0.27778,0.27778,36,21
class1,S8,B,274,1.0,0.27778,0.27778,36,21
class1,S8,B,275,0.7,0.19444,0.27778,36,21
class1,S8,B,276,1.0,0.27778,0.27778,36,21
class1,S8,B,277,1.0,0.13889,0.13889,36,21
class1,S8,B,278,0.0,0.0,0.27778,36,21
class1,S8,B,279,0.5,0.13889,0.27778,36,21
class1,S8,B,280,0.5,0.13889,0.27778,36,21
class1,S8,B,281,0.0,0.0,0.27778,36,21
class1,S8,B,282,0.4,0.11111,0.27778,36,21
class1,S8,B,283,0.5,0.13889,0.27778,36,21
class1,S8,B,284,0.9,0.25,0.27778,36,21
class1,S8,B,285,1.0,0.27778,0.27778,36,21
class1,S8,B,286,1.0,0.27778,0.27778,36,21
class1,S8,B,287,1.0,0.27778,0.27778,36,21
class1,S8,B,288,0.5,0.13889,0.27778,36,21
class1,S8,B,289,0.5,0.13889,0.27778,36,21
class1,S8,B,290,1.0,0.27778,0.27778,36,21
class1,S8,B,291,1.0,0.27778,0.27778,36,21
class1,S8,B,292,0.0,0.0,0.13889,36,21
class1,S8,B,293,0.0,0.0,0.13889,36,21
class1,S8,B,294,,0.0,0.0,36,21
class1,S8,B,295,,0.0,0.0,36,21
class1,S8,B,296,1.0,0.13889,0.13889,36,21
class1,S8,B,297,0.5,0.13889,0.27778,36,21
class1,S8,B,298,0.5,0.13889,0.27778,36,21
class1,S8,B,299,0.1,0.02778,0.27778,36,21
class1,S8,B,300,1.0,0.27778,0.27778,36,21
class1,S8,B,301,1.0,0.27778,0.27778,36,21
class1,S8,B,302,0.8,0.22222,0.27778,36,21
class1,S8,B,303,0.5,0.13889,0.27778,36,21
class1,S8,B,304,0.5,0.13889,0.27778,36,21
class1,S8,B,305,0.0,0.0,0.27778,36,21
class1,S8,B,306,0.5,0.13889,0.27778,36,21
class1,S8,B,307,0.0,0.0,0.27778,36,21
class1,S8,B,308,0.0,0.0,0.27778,36,21
class1,S8,B,309,0.0,0.0,0.27778,36,21
class1,S8,B,310,1.0,0.27778,0.27778,36,21
class1,S8,B,311,0.5,0.13889,0.27778,36,21
class1,S8,C,3,0.99492,0.97512,0.9801,201,13
class1,S8,C,4,1.0,0.9801,0.9801,201,13
class1,S8,C,5,0.0,0.0,0.9801,201,13
class1,S8,C,6,0.35533,0.34826,0.9801,201,13
class1,S8,C,7,1.0,0.9801,0.9801,201,13
class1,S8,C,8,0.94924,0.93035,0.9801,201,13
class1,S8,C,9,0.54315,0.53234,0.9801,201,13
class1,S8,C,10,0.94416,0.92537,0.9801,201,13
class1,S8,C,11,0.91371,0.89552,0.9801,201,13
class1,S8,C,12,0.98477,0.96517,0.9801,201,13
class1,S8,C,13,0.98985,0.97015,0.9801,201,13
class1,S8,C,14,1.0,0.9801,0.9801,201,13
class1,S8,C,15,1.0,0.9801,0.9801,201,13
class1,S8,C,16,0.05584,0.05473,0.9801,201,13
class1,S8,C,17,0.82234,0.80597,0.9801,201,13
class1,S8,C,18,0.9797,0.9602,0.9801,201,13
class1,S8,C,19,0.11675,0.11443,0.9801,201,13
class1,S8,C,20,0.30964,0.30348,0.9801,201,13
class1,S8,C,21,0.86294,0.84577,0.9801,201,13
class1,S8,C,22,0.94924,0.93035,0.9801,201,13
class1,S8,C,23,0.63452,0.62189,0.9801,201,13
class1,S8,C,24,0.4264,0.41791,0.9801,201,13
class1,S8,C,25,0.99492,0.97512,0.9801,201,13
class1,S8,C,26,1.0,0.9801,0.9801,201,13
class1,S8,C,27,0.94527,0.94527,1.0,201,13
class1,S8,C,28,0.94527,0.94527,1.0,201,13
class1,S8,C,29,0.99502,0.99502,1.0,201,13
class1,S8,C,30,0.99502,0.99502,1.0,201,13
class1,S8,C,31,1.0,1.0,1.0,201,13
class1,S8,C,32,1.0,1.0,1.0,201,13
class1,S8,C,33,1.0,1.0,1.0,201,13
class1,S8,C,34,1.0,1.0,1.0,201,13
class1,S8,C,35,0.93532,0.93532,1.0,201,13
class1,S8,C,36,1.0,1.0,1.0,201,13
class1,S8,C,37,0.95025,0.95025,1.0,201,13
class1,S8,C,38,0.91542,0.91542,1.0,201,13
class1,S8,C,39,0.86567,0.86567,1.0,201,13
class1,S8,C,40,1.0,1.0,1.0,201,13
class1,S8,C,41,0.04975,0.04975,1.0,201,13
class1,S8,C,42,0.0,0.0,1.0,201,13
class1,S8,C,43,0.87562,0.87562,1.0,201,13
class1,S8,C,44,0.87562,0.87562,1.0,201,13
class1,S8,C,45,0.0,0.0,1.0,201,13
class1,S8,C,46,1.0,1.0,1.0,201,13
class1,S8,C,47,0.99005,0.99005,1.0,201,13
class1,S8,C,48,1.0,1.0,1.0,201,13
class1,S8,C,49,0.8209,0.8209,1.0,201,13
class1,S8,C,50,0.85572,0.85572,1.0,201,13
class1,S8,C,51,1.0,1.0,1.0,201,13
class1,S8,C,52,0.01493,0.01493,1.0,201,13
class1,S8,C,53,0.45771,0.45771,1.0,201,13
class1,S8,C,54,0.77612,0.77612,1.0,201,13
class1,S8,C,55,0.96517,0.96517,1.0,201,13
class1,S8,C,56,0.9204,0.9204,1.0,201,13
class1,S8,C,57,0.1194,0.1194,1.0,201,13
class1,S8,C,58,0.66667,0.66667,1.0,201,13
class1,S8,C,59,0.99502,0.99502,1.0,201,13
class1,S8,C,60,0.98507,0.98507,1.0,201,13
class1,S8,C,61,0.98507,0.98507,1.0,201,13
class1,S8,C,62,0.67164,0.67164,1.0,201,13
class1,S8,C,63,0.78607,0.78607,1.0,201,13
class1,S8,C,64,1.0,1.0,1.0,201,13
class1,S8,C,65,0.45274,0.45274,1.0,201,13
class1,S8,C,66,0.15423,0.15423,1.0,201,13
class1,S8,C,67,0.06468,0.06468,1.0,201,13
class1,S8,C,68,0.54726,0.54726,1.0,201,13
class1,S8,C,69,0.04478,0.04478,1.0,201,13
class1,S8,C,70,0.0,0.0,1.0,201,13
class1,S8,C,71,0.8806,0.8806,1.0,201,13
class1,S8,C,72,0.92537,0.92537,1.0,201,13
class1,S8,C,73,0.18905,0.18905,1.0,201,13
class1,S8,C,74,0.0597,0.0597,1.0,201,13
class1,S8,C,75,0.93035,0.93035,1.0,201,13
class1,S8,C,76,0.9005,0.9005,1.0,201,13
class1,S8,C,77,0.1393,0.1393,1.0,201,13
class1,S8,C,78,0.99502,0.99502,1.0,201,13
class1,S8,C,79,0.19403,0.19403,1.0,201,13
class1,S8,C,80,0.31343,0.31343,1.0,201,13
class1,S8,C,81,0.80597,0.80597,1.0,201,13
class1,S8,C,82,0.80597,0.80597,1.0,201,13
class1,S8,C,83,0.98507,0.98507,1.0,201,13
class1,S8,C,84,0.95025,0.95025,1.0,201,13
class1,S8,C,85,0.95025,0.95025,1.0,201,13
class1,S8,C,86,1.0,1.0,1.0,201,13
class1,S8,C,87,0.95025,0.95025,1.0,201,13
class1,S8,C,88,1.0,1.0,1.0,201,13
class1,S8,C,89,0.9005,0.9005,1.0,201,13
class1,S8,C,90,0.9204,0.9204,1.0,201,13
class1,S8,C,91,0.95025,0.95025,1.0,201,13
class1,S8,C,92,1.0,1.0,1.0,201,13
class1,S8,C,93,1.0,1.0,1.0,201,13
class1,S8,C,94,0.89055,0.89055,1.0,201,13
class1,S8,C,95,0.63184,0.63184,1.0,201,13
class1,S8,C,96,0.95025,0.95025,1.0,201,13
class1,S8,C,97,0.16915,0.16915,1.0,201,13
class1,S8,C,98,0.93532,0.93532,1.0,201,13
class1,S8,C,99,0.79602,0.79602,1.0,201,13
class1,S8,C,100,0.99502,0.99502,1.0,201,13
class1,S8,C,101,1.0,1.0,1.0,201,13
class1,S8,C,102,0.50746,0.50746,1.0,201,13
class1,S8,C,103,0.51244,0.51244,1.0,201,13
class1,S8,C,104,0.98507,0.98507,1.0,201,13
class1,S8,C,105,0.93532,0.93532,1.0,201,13
class1,S8,C,106,0.99502,0.99502,1.0,201,13
class1,S8,C,107,0.9602,0.9602,1.0,201,13
class1,S8,C,108,0.06468,0.06468,1.0,201,13
class1,S8,C,109,0.66169,0.66169,1.0,201,13
class1,S8,C,110,1.0,1.0,1.0,201,13
class1,S8,C,111,0.81095,0.81095,1.0,201,13
class1,S8,C,112,0.99502,0.99502,1.0,201,13
class1,S8,C,113,1.0,1.0,1.0,201,13
class1,S8,C,114,0.08458,0.08458,1.0,201,13
class1,S8,C,115,1.0,1.0,1.0,201,13
class1,S8,C,116,0.08458,0.08458,1.0,201,13
class1,S8,C,117,0.74627,0.74627,1.0,201,13
class1,S8,C,118,0.99502,0.99502,1.0,201,13
class1,S8,C,119,1.0,1.0,1.0,201,13
class1,S8,C,120,0.94527,0.94527,1.0,201,13
class1,S8,C,121,0.0,0.0,1.0,201,13
class1,S8,C,122,1.0,1.0,1.0,201,13
class1,S8,C,123,1.0,1.0,1.0,201,13
class1,S8,C,124,0.70647,0.70647,1.0,201,13
class1,S8,C,125,0.93532,0.93532,1.0,201,13
class1,S8,C,126,1.0,1.0,1.0,201,13
class1,S8,C,127,0.99502,0.99502,1.0,201,13
class1,S8,C,128,0.99502,0.99502,1.0,201,13
class1,S8,C,129,1.0,1.0,1.0,201,13
class1,S8,C,130,0.99502,0.99502,1.0,201,13
class1,S8,C,131,1.0,1.0,1.0,201,13
class1,S8,C,132,1.0,1.0,1.0,201,13
class1,S8,C,133,1.0,1.0,1.0,201,13
class1,S8,C,134,1.0,1.0,1.0,201,13
class1,S8,C,135,1.0,1.0,1.0,201,13
class1,S8,C,136,0.93035,0.93035,1.0,201,13
class1,S8,C,137,0.9403,0.9403,1.0,201,13
class1,S8,C,138,0.58706,0.58706,1.0,201,13
class1,S8,C,139,0.95025,0.95025,1.0,201,13
class1,S8,C,140,1.0,1.0,1.0,201,13
class1,S8,C,141,1.0,1.0,1.0,201,13
class1,S8,C,142,0.99502,0.99502,1.0,201,13
class1,S8,C,143,0.59204,0.59204,1.0,201,13
class1,S8,C,144,0.0,0.0,1.0,201,13
class1,S8,C,145,0.99005,0.99005,1.0,201,13
class1,S8,C,146,1.0,1.0,1.0,201,13
class1,S8,C,147,0.62687,0.62687,1.0,201,13
class1,S8,C,148,0.93532,0.93532,1.0,201,13
class1,S8,C,149,0.89394,0.8806,0.98507,201,13
class1,S8,C,150,0.91045,0.91045,1.0,201,13
class1,S8,C,151,0.0,0.0,1.0,201,13
class1,S8,C,152,0.29353,0.29353,1.0,201,13
class1,S8,C,153,0.99502,0.99502,1.0,201,13
class1,S8,C,154,1.0,1.0,1.0,201,13
class1,S8,C,155,0.56219,0.56219,1.0,201,13
class1,S8,C,156,0.22388,0.22388,1.0,201,13
class1,S8,C,157,0.99502,0.99502,1.0,201,13
class1,S8,C,158,0.06468,0.06468,1.0,201,13
class1,S8,C,159,1.0,1.0,1.0,201,13
class1,S8,C,160,1.0,1.0,1.0,201,13
class1,S8,C,161,0.30348,0.30348,1.0,201,13
class1,S8,C,162,0.93532,0.93532,1.0,201,13
class1,S8,C,163,0.25,0.24876,0.99502,201,13
class1,S8,C,164,0.995,0.99005,0.99502,201,13
class1,S8,C,165,0.995,0.99005,0.99502,201,13
class1,S8,C,166,0.96985,0.9602,0.99005,201,13
class1,S8,C,167,0.49749,0.49254,0.99005,201,13
class1,S8,C,168,1.0,0.99005,0.99005,201,13
class1,S8,C,169,0.42211,0.41791,0.99005,201,13
class1,S8,C,170,0.21106,0.20896,0.99005,201,13
class1,S8,C,171,1.0,0.99005,0.99005,201,13
class1,S8,C,172,1.0,0.99005,0.99005,201,13
class1,S8,C,173,0.80905,0.801,0.99005,201,13
class1,S8,C,174,0.01508,0.01493,0.99005,201,13
class1,S8,C,175,1.0,0.99005,0.99005,201,13
class1,S8,C,176,0.88442,0.87562,0.99005,201,13
class1,S8,C,177,0.01005,0.00995,0.99005,201,13
class1,S8,C,178,0.94975,0.9403,0.99005,201,13
class1,S8,C,179,0.99497,0.98507,0.99005,201,13
class1,S8,C,180,1.0,0.99005,0.99005,201,13
class1,S8,C,181,0.9598,0.95025,0.99005,201,13
class1,S8,C,182,0.97487,0.96517,0.99005,201,13
class1,S8,C,183,0.91099,0.86567,0.95025,201,13
class1,S8,C,184,0.0733,0.06965,0.95025,201,13
class1,S8,C,185,1.0,0.95025,0.95025,201,13
class1,S8,C,186,0.99476,0.94527,0.95025,201,13
class1,S8,C,187,1.0,0.95025,0.95025,201,13
class1,S8,C,188,1.0,0.95025,0.95025,201,13
class1,S8,C,189,0.98953,0.9403,0.95025,201,13
class1,S8,C,190,1.0,0.95025,0.95025,201,13
class1,S8,C,191,0.0,0.0,0.93532,201,13
class1,S8,C,192,0.99468,0.93035,0.93532,201,13
class1,S8,C,193,1.0,0.93532,0.93532,201,13
class1,S8,C,194,0.0,0.0,0.93532,201,13
class1,S8,C,195,0.94681,0.88557,0.93532,201,13
class1,S8,C,196,1.0,0.93532,0.93532,201,13
class1,S8,C,197,0.0,0.0,0.93532,201,13
class1,S8,C,198,0.0,0.0,0.93532,201,13
class1,S8,C,199,0.0,0.0,0.93532,201,13
class1,S8,C,200,1.0,0.93532,0.93532,201,13
class1,S8,C,201,0.98936,0.92537,0.93532,201,13
class1,S8,C,202,1.0,0.93532,0.93532,201,13
class1,S8,C,203,1.0,0.93532,0.93532,201,13
class1,S8,C,204,1.0,0.93532,0.93532,201,13
class1,S8,C,205,1.0,0.93532,0.93532,201,13
class1,S8,C,206,0.99468,0.93035,0.93532,201,13
class1,S8,C,207,1.0,0.93532,0.93532,201,13
class1,S8,C,208,1.0,0.93532,0.93532,201,13
class1,S8,C,209,0.97872,0.91542,0.93532,201,13
class1,S8,C,210,1.0,0.93532,0.93532,201,13
class1,S8,C,211,0.0,0.0,0.93532,201,13
class1,S8,C,212,0.99468,0.93035,0.93532,201,13
class1,S8,C,213,0.99468,0.93035,0.93532,201,13
class1,S8,C,214,0.0,0.0,0.93532,201,13
class1,S8,C,215,1.0,0.93532,0.93532,201,13
class1,S8,C,216,0.95213,0.89055,0.93532,201,13
class1,S8,C,217,1.0,0.93532,0.93532,201,13
class1,S8,C,218,1.0,0.93532,0.93532,201,13
class1,S8,C,219,0.88298,0.82587,0.93532,201,13
class1,S8,C,220,0.04787,0.04478,0.93532,201,13
class1,S8,C,221,0.99468,0.93035,0.93532,201,13
class1,S8,C,222,0.04787,0.04478,0.93532,201,13
class1,S8,C,223,1.0,0.93532,0.93532,201,13
class1,S8,C,224,0.96277,0.9005,0.93532,201,13
class1,S8,C,225,0.05851,0.05473,0.93532,201,13
class1,S8,C,226,1.0,0.93532,0.93532,201,13
class1,S8,C,227,1.0,0.93532,0.93532,201,13
class1,S8,C,228,0.0,0.0,0.93532,201,13
class1,S8,C,229,1.0,0.93532,0.93532,201,13
class1,S8,C,230,0.98936,0.92537,0.93532,201,13
class1,S8,C,231,1.0,0.93532,0.93532,201,13
class1,S8,C,232,0.99468,0.93035,0.93532,201,13
class1,S8,C,233,1.0,0.93532,0.93532,201,13
class1,S8,C,234,1.0,0.93532,0.93532,201,13
class1,S8,C,235,1.0,0.93532,0.93532,201,13
class1,S8,C,236,0.0,0.0,0.93532,201,13
class1,S8,C,237,1.0,0.93532,0.93532,201,13
class1,S8,C,238,1.0,0.93532,0.93532,201,13
class1,S8,C,239,1.0,0.93532,0.93532,201,13
class1,S8,C,240,1.0,0.93532,0.93532,201,13
class1,S8,C,241,1.0,0.93532,0.93532,201,13
class1,S8,C,242,0.99468,0.93035,0.93532,201,13
class1,S8,C,243,0.98404,0.9204,0.93532,201,13
class1,S8,C,244,1.0,0.93532,0.93532,201,13
class1,S8,C,245,0.99457,0.91045,0.91542,201,13
class1,S8,C,246,1.0,0.91542,0.91542,201,13
class1,S8,C,247,0.0,0.0,0.91542,201,13
class1,S8,C,248,1.0,0.91542,0.91542,201,13
class1,S8,C,249,1.0,0.91542,0.91542,201,13
class1,S8,C,250,1.0,0.91542,0.91542,201,13
class1,S8,C,251,0.05435,0.04975,0.91542,201,13
class1,S8,C,252,1.0,0.91542,0.91542,201,13
class1,S8,C,253,0.94022,0.8607,0.91542,201,13
class1,S8,C,254,1.0,0.91542,0.91542,201,13
class1,S8,C,255,1.0,0.91542,0.91542,201,13
class1,S8,C,256,0.0,0.0,0.91542,201,13
class1,S8,C,257,1.0,0.91542,0.91542,201,13
class1,S8,C,258,1.0,0.91542,0.91542,201,13
class1,S8,C,259,1.0,0.91542,0.91542,201,13
class1,S8,C,260,0.95109,0.87065,0.91542,201,13
class1,S8,C,261,0.94022,0.8607,0.91542,201,13
class1,S8,C,262,1.0,0.91542,0.91542,201,13
class1,S8,C,263,0.99457,0.91045,0.91542,201,13
class1,S8,C,264,1.0,0.91542,0.91542,201,13
class1,S8,C,265,1.0,0.91542,0.91542,201,13
class1,S8,C,266,1.0,0.91542,0.91542,201,13
class1,S8,C,267,0.05978,0.05473,0.91542,201,13
class1,S8,C,268,1.0,0.91542,0.91542,201,13
class1,S8,C,269,0.9837,0.9005,0.91542,201,13
class1,S8,C,270,1.0,0.91542,0.91542,201,13
class1,S8,C,271,1.0,0.91542,0.91542,201,13
class1,S8,C,272,0.99457,0.91045,0.91542,201,13
class1,S8,C,273,0.94022,0.8607,0.91542,201,13
class1,S8,C,274,1.0,0.91045,0.91045,201,13
class1,S8,C,275,0.19126,0.17413,0.91045,201,13
class1,S8,C,276,0.99451,0.9005,0.90547,201,13
class1,S8,C,277,0.03704,0.00498,0.13433,201,13
class1,S8,C,278,0.00546,0.00498,0.91045,201,13
class1,S8,C,279,0.85246,0.77612,0.91045,201,13
class1,S8,C,280,0.98857,0.8607,0.87065,201,13
class1,S8,C,281,0.0,0.0,0.82587,201,13
class1,S8,C,282,0.03279,0.02985,0.91045,201,13
class1,S8,C,283,0.94536,0.8607,0.91045,201,13
class1,S8,C,284,0.8306,0.75622,0.91045,201,13
class1,S8,C,285,0.92896,0.84577,0.91045,201,13
class1,S8,C,286,0.94536,0.8607,0.91045,201,13
class1,S8,C,287,0.99454,0.90547,0.91045,201,13
class1,S8,C,288,0.0,0.0,0.91045,201,13
class1,S8,C,289,0.0,0.0,0.85075,201,13
class1,S8,C,290,0.94118,0.79602,0.84577,201,13
class1,S8,C,291,0.89535,0.38308,0.42786,201,13
class1,S8,C,292,0.0,0.0,0.48259,201,13
class1,S8,C,293,0.20408,0.0995,0.48756,201,13
class1,S8,C,294,0.6185,0.53234,0.8607,201,13
class1,S8,C,295,0.0,0.0,0.81592,201,13
class1,S8,C,296,0.46154,0.41791,0.90547,201,13
class1,S8,C,297,0.06044,0.05473,0.90547,201,13
class1,S8,C,298,0.0,0.0,0.90547,201,13
class1,S8,C,299,0.59341,0.53731,0.90547,201,13
class1,S8,C,300,0.04945,0.04478,0.90547,201,13
class1,S8,C,301,0.64286,0.53731,0.83582,201,13
class1,S8,C,302,0.86391,0.72637,0.8408,201,13
class1,S8,C,303,0.63388,0.57711,0.91045,201,13
class1,S8,C,304,0.08197,0.07463,0.91045,201,13
class1,S8,C,305,0.55491,0.47761,0.8607,201,13
class1,S8,C,306,0.14035,0.1194,0.85075,201,13
class1,S8,C,307,0.69591,0.59204,0.85075,201,13
class1,S8,C,308,0.0,0.0,0.8607,201,13
class1,S8,C,309,0.00546,0.00498,0.91045,201,13
class1,S8,C,310,0.18579,0.16915,0.91045,201,13
class1,S8,C,311,0.80874,0.73632,0.91045,201,13
class2,S13,DRB1,9,0.05814,0.05102,0.87755,98,15
class2,S13,DRB1,10,0.04651,0.04082,0.87755,98,15
class2,S13,DRB1,11,0.45349,0.39796,0.87755,98,15
class2,S13,DRB1,12,0.84694,0.84694,1.0,98,15
class2,S13,DRB1,13,0.41837,0.41837,1.0,98,15
class2,S13,DRB1,14,1.0,1.0,1.0,98,15
class2,S13,DRB1,15,1.0,1.0,1.0,98,15
class2,S13,DRB1,16,0.77551,0.77551,1.0,98,15
class2,S13,DRB1,17,0.9898,0.9898,1.0,98,15
class2,S13,DRB1,18,1.0,1.0,1.0,98,15
class2,S13,DRB1,19,0.94898,0.94898,1.0,98,15
class2,S13,DRB1,20,1.0,1.0,1.0,98,15
class2,S13,DRB1,21,1.0,1.0,1.0,98,15
class2,S13,DRB1,22,0.96939,0.96939,1.0,98,15
class2,S13,DRB1,23,0.88776,0.88776,1.0,98,15
class2,S13,DRB1,24,0.95918,0.95918,1.0,98,15
class2,S13,DRB1,25,0.91837,0.91837,1.0,98,15
class2,S13,DRB1,26,0.65306,0.65306,1.0,98,15
class2,S13,DRB1,27,0.96939,0.96939,1.0,98,15
class2,S13,DRB1,28,0.79592,0.79592,1.0,98,15
class2,S13,DRB1,29,0.86735,0.86735,1.0,98,15
class2,S13,DRB1,30,0.46939,0.46939,1.0,98,15
class2,S13,DRB1,31,0.39796,0.39796,1.0,98,15
class2,S13,DRB1,32,0.92857,0.92857,1.0,98,15
class2,S13,DRB1,33,0.54082,0.54082,1.0,98,15
class2,S13,DRB1,34,0.0,0.0,1.0,98,15
class2,S13,DRB1,35,0.82653,0.82653,1.0,98,15
class2,S13,DRB1,36,1.0,1.0,1.0,98,15
class2,S13,DRB1,37,0.2449,0.2449,1.0,98,15
class2,S13,DRB1,38,0.79592,0.79592,1.0,98,15
class2,S13,DRB1,39,1.0,1.0,1.0,98,15
class2,S13,DRB1,40,1.0,1.0,1.0,98,15
class2,S13,DRB1,41,1.0,1.0,1.0,98,15
class2,S13,DRB1,42,1.0,1.0,1.0,98,15
class2,S13,DRB1,43,1.0,1.0,1.0,98,15
class2,S13,DRB1,44,0.91837,0.91837,1.0,98,15
class2,S13,DRB1,45,1.0,1.0,1.0,98,15
class2,S13,DRB1,46,0.9898,0.9898,1.0,98,15
class2,S13,DRB1,47,0.65306,0.65306,1.0,98,15
class2,S13,DRB1,48,0.9898,0.9898,1.0,98,15
class2,S13,DRB1,49,0.71429,0.71429,1.0,98,15
class2,S13,DRB1,50,1.0,1.0,1.0,98,15
class2,S13,DRB1,51,1.0,1.0,1.0,98,15
class2,S13,DRB1,52,0.97959,0.97959,1.0,98,15
class2,S13,DRB1,53,0.76042,0.7449,0.97959,98,15
class2,S13,DRB1,54,1.0,0.97959,0.97959,98,15
class2,S13,DRB1,55,1.0,0.97959,0.97959,98,15
class2,S13,DRB1,56,0.98958,0.96939,0.97959,98,15
class2,S13,DRB1,57,0.78125,0.76531,0.97959,98,15
class2,S13,DRB1,58,0.95833,0.93878,0.97959,98,15
class2,S13,DRB1,59,0.01042,0.0102,0.97959,98,15
class2,S13,DRB1,60,0.61458,0.60204,0.97959,98,15
class2,S13,DRB1,61,0.84375,0.82653,0.97959,98,15
class2,S13,DRB1,62,1.0,0.97959,0.97959,98,15
class2,S13,DRB1,63,0.9375,0.91837,0.97959,98,15
class2,S13,DRB1,64,0.84375,0.82653,0.97959,98,15
class2,S13,DRB1,65,0.97917,0.95918,0.97959,98,15
class2,S13,DRB1,66,0.98958,0.96939,0.97959,98,15
class2,S13,DRB1,67,0.60417,0.59184,0.97959,98,15
class2,S13,DRB1,68,0.77083,0.7551,0.97959,98,15
class2,S13,DRB1,69,1.0,0.97959,0.97959,98,15
class2,S13,DRB1,70,0.94792,0.92857,0.97959,98,15
class2,S13,DRB1,71,0.60417,0.59184,0.97959,98,15
class2,S13,DRB1,72,1.0,0.97959,0.97959,98,15
class2,S13,DRB1,73,0.89583,0.87755,0.97959,98,15
class2,S13,DRB1,74,0.30208,0.29592,0.97959,98,15
class2,S13,DRB1,75,1.0,0.97959,0.97959,98,15
class2,S13,DRB1,76,1.0,0.97959,0.97959,98,15
class2,S13,DRB1,77,0.96875,0.94898,0.97959,98,15
class2,S13,DRB1,78,0.76923,0.61224,0.79592,98,15
class2,S13,DRB1,79,1.0,0.79592,0.79592,98,15
class2,S13,DRB1,80,0.92308,0.73469,0.79592,98,15
class2,S13,DRB1,81,0.9863,0.73469,0.7449,98,15
class2,S13,DRB1,82,0.9863,0.73469,0.7449,98,15
class2,S13,DRB1,83,1.0,0.7449,0.7449,98,15
class2,S13,DRB1,84,0.08219,0.06122,0.7449,98,15
class2,S13,DRB1,85,0.08219,0.06122,0.7449,98,15
class2,S13,DRB1,86,0.0,0.0,0.7449,98,15
class2,S13,DRB1,87,0.23881,0.16327,0.68367,98,15
class2,S13,DRB1,88,0.01538,0.0102,0.66327,98,15
class2,S13,DRB1,89,1.0,0.66327,0.66327,98,15
class2,S13,DRB1,90,0.0,0.0,0.66327,98,15
class2,S13,DRB1,91,1.0,0.66327,0.66327,98,15
class2,S13,DRB1,92,0.0,0.0,0.66327,98,15
class2,S13,DRB1,93,1.0,0.66327,0.66327,98,15
class2,S13,DRB1,94,1.0,0.53061,0.53061,98,15
class2,S13,DRB1,95,0.0,0.0,0.35714,98,15
class2,S13,DRB1,96,0.25714,0.09184,0.35714,98,15
class2,S13,DRB1,97,1.0,0.35714,0.35714,98,15
class2,S13,DRB1,98,0.0,0.0,0.35714,98,15
class2,S13,DRB1,99,1.0,0.35714,0.35714,98,15
class2,S13,DRB1,100,1.0,0.35714,0.35714,98,15
class2,S13,DRB1,101,1.0,0.33673,0.33673,98,15
class2,S13,DRB1,102,1.0,0.33673,0.33673,98,15
class2,S13,DRB1,103,1.0,0.33673,0.33673,98,15
class2,S13,DRB1,104,0.75758,0.2551,0.33673,98,15
class2,S13,DRB1,105,1.0,0.33673,0.33673,98,15
class2,S13,DRB1,106,1.0,0.33673,0.33673,98,15
class2,S13,DRB1,107,1.0,0.33673,0.33673,98,15
class2,S13,DRB1,108,1.0,0.33673,0.33673,98,15
class2,S13,DRB1,109,0.9697,0.32653,0.33673,98,15
class2,S13,DRB1,110,1.0,0.33673,0.33673,98,15
class2,S13,DRB1,111,1.0,0.33673,0.33673,98,15
class2,S13,DRB1,112,1.0,0.33673,0.33673,98,15
class2,S13,DRB1,113,1.0,0.33673,0.33673,98,15
class2,S13,DRB1,114,1.0,0.33673,0.33673,98,15
class2,S13,DRB1,115,1.0,0.33673,0.33673,98,15
class2,S13,DRB1,116,1.0,0.33673,0.33673,98,15
class2,S13,DRB1,117,1.0,0.33673,0.33673,98,15
class2,S13,DRB1,118,1.0,0.33673,0.33673,98,15
class2,S13,DRB1,119,1.0,0.33673,0.33673,98,15
class2,S13,DRB1,120,0.0,0.0,0.33673,98,15
class2,S13,DRB1,121,1.0,0.33673,0.33673,98,15
class2,S13,DRB1,122,1.0,0.33673,0.33673,98,15
class2,S13,DRB1,123,1.0,0.33673,0.33673,98,15
class2,S13,DRB1,124,1.0,0.32653,0.32653,98,15
class2,S13,DRB1,125,1.0,0.32653,0.32653,98,15
class2,S13,DRB1,126,0.0,0.0,0.32653,98,15
class2,S13,DRB1,127,0.0,0.0,0.32653,98,15
class2,S13,DRB1,128,1.0,0.32653,0.32653,98,15
class2,S13,DRB1,129,1.0,0.32653,0.32653,98,15
class2,S13,DRB1,130,1.0,0.32653,0.32653,98,15
class2,S13,DRB1,131,1.0,0.32653,0.32653,98,15
class2,S13,DRB1,132,1.0,0.32653,0.32653,98,15
class2,S13,DRB1,133,0.96875,0.31633,0.32653,98,15
class2,S13,DRB1,134,1.0,0.32653,0.32653,98,15
class2,S13,DRB1,135,1.0,0.32653,0.32653,98,15
class2,S13,DRB1,136,1.0,0.32653,0.32653,98,15
class2,S13,DRB1,137,1.0,0.32653,0.32653,98,15
class2,S13,DRB1,138,1.0,0.32653,0.32653,98,15
class2,S13,DRB1,139,0.0,0.0,0.32653,98,15
class2,S13,DRB1,140,0.25,0.08163,0.32653,98,15
class2,S13,DRB1,141,1.0,0.32653,0.32653,98,15
class2,S13,DRB1,142,0.96875,0.31633,0.32653,98,15
class2,S13,DRB1,143,1.0,0.32653,0.32653,98,15
class2,S13,DRB1,144,1.0,0.32653,0.32653,98,15
class2,S13,DRB1,145,1.0,0.32653,0.32653,98,15
class2,S13,DRB1,146,1.0,0.32653,0.32653,98,15
class2,S13,DRB1,147,1.0,0.32653,0.32653,98,15
class2,S13,DRB1,148,1.0,0.31633,0.31633,98,15
class2,S13,DRB1,149,0.0,0.0,0.31633,98,15
class2,S13,DRB1,150,1.0,0.31633,0.31633,98,15
class2,S13,DRB1,151,1.0,0.31633,0.31633,98,15
class2,S13,DRB1,152,1.0,0.31633,0.31633,98,15
class2,S13,DRB1,153,1.0,0.31633,0.31633,98,15
class2,S13,DRB1,154,1.0,0.31633,0.31633,98,15
class2,S13,DRB1,155,1.0,0.31633,0.31633,98,15
class2,S13,DRB1,156,0.96774,0.30612,0.31633,98,15
class2,S13,DRB1,157,1.0,0.31633,0.31633,98,15
class2,S13,DRB1,158,0.0,0.0,0.31633,98,15
class2,S13,DRB1,159,1.0,0.31633,0.31633,98,15
class2,S13,DRB1,160,1.0,0.31633,0.31633,98,15
class2,S13,DRB1,161,1.0,0.31633,0.31633,98,15
class2,S13,DRB1,162,1.0,0.31633,0.31633,98,15
class2,S13,DRB1,163,1.0,0.31633,0.31633,98,15
class2,S13,DRB1,164,1.0,0.31633,0.31633,98,15
class2,S13,DRB1,165,1.0,0.31633,0.31633,98,15
class2,S13,DRB1,166,0.0,0.0,0.31633,98,15
class2,S13,DRB1,167,1.0,0.31633,0.31633,98,15
class2,S13,DRB1,168,1.0,0.31633,0.31633,98,15
class2,S13,DRB1,169,1.0,0.31633,0.31633,98,15
class2,S13,DRB1,170,1.0,0.31633,0.31633,98,15
class2,S13,DRB1,171,1.0,0.31633,0.31633,98,15
class2,S13,DRB1,172,0.25806,0.08163,0.31633,98,15
class2,S13,DRB1,173,1.0,0.31633,0.31633,98,15
class2,S13,DRB1,174,0.0,0.0,0.31633,98,15
class2,S13,DRB1,175,1.0,0.31633,0.31633,98,15
class2,S13,DRB1,176,1.0,0.31633,0.31633,98,15
class2,S13,DRB1,177,1.0,0.31633,0.31633,98,15
class2,S13,DRB1,178,1.0,0.31633,0.31633,98,15
class2,S13,DRB1,179,1.0,0.31633,0.31633,98,15
class2,S13,DRB1,180,0.77419,0.2449,0.31633,98,15
class2,S13,DRB1,181,1.0,0.31633,0.31633,98,15
class2,S13,DRB1,182,1.0,0.31633,0.31633,98,15
class2,S13,DRB1,183,1.0,0.31633,0.31633,98,15
class2,S13,DRB1,184,0.0,0.0,0.31633,98,15
class2,S13,DRB1,185,1.0,0.31633,0.31633,98,15
class2,S13,DRB1,186,1.0,0.31633,0.31633,98,15
class2,S13,DRB1,187,1.0,0.31633,0.31633,98,15
class2,S13,DRB1,188,1.0,0.31633,0.31633,98,15
class2,S13,DRB1,189,1.0,0.31633,0.31633,98,15
class2,S13,DRB1,190,1.0,0.31633,0.31633,98,15
class2,S13,DRB1,191,1.0,0.31633,0.31633,98,15
class2,S13,DRB1,192,1.0,0.31633,0.31633,98,15
class2,S13,DRB1,193,1.0,0.31633,0.31633,98,15
class2,S13,DRB1,194,1.0,0.31633,0.31633,98,15
class2,S13,DRB1,195,1.0,0.31633,0.31633,98,15
class2,S13,DRB1,196,1.0,0.31633,0.31633,98,15
class2,S13,DRB1,197,0.0,0.0,0.31633,98,15
class2,S13,DRB1,198,1.0,0.31633,0.31633,98,15
class2,S13,DRB1,199,1.0,0.31633,0.31633,98,15
class2,S13,DRB1,200,0.0,0.0,0.31633,98,15
class2,S13,DRB1,201,1.0,0.31633,0.31633,98,15
class2,S13,DRB1,202,1.0,0.31633,0.31633,98,15
class2,S13,DRB1,203,0.51613,0.16327,0.31633,98,15
class2,S13,DRB1,204,1.0,0.31633,0.31633,98,15
class2,S13,DRB1,205,1.0,0.31633,0.31633,98,15
class2,S13,DRB1,206,1.0,0.31633,0.31633,98,15
class2,S13,DRB1,207,1.0,0.31633,0.31633,98,15
class2,S13,DRB1,208,1.0,0.31633,0.31633,98,15
class2,S13,DRB1,209,1.0,0.31633,0.31633,98,15
class2,S13,DRB1,210,1.0,0.31633,0.31633,98,15
class2,S13,DRB1,211,1.0,0.31633,0.31633,98,15
class2,S13,DRB1,212,1.0,0.31633,0.31633,98,15
class2,S13,DRB1,213,0.0,0.0,0.31633,98,15
class2,S13,DRB1,214,0.0,0.0,0.31633,98,15
class2,S13,DRB1,215,0.0,0.0,0.31633,98,15
class2,S13,DRB1,216,1.0,0.31633,0.31633,98,15
class2,S13,DRB1,217,1.0,0.31633,0.31633,98,15
class2,S13,DRB1,218,1.0,0.31633,0.31633,98,15
class2,S13,DRB1,219,1.0,0.31633,0.31633,98,15
class2,S13,DRB1,220,1.0,0.31633,0.31633,98,15
class2,S13,DRB1,221,1.0,0.31633,0.31633,98,15
class2,S13,DRB1,222,0.0,0.0,0.31633,98,15
class2,S13,DRB1,223,0.96774,0.30612,0.31633,98,15
class2,S13,DRB1,224,1.0,0.31633,0.31633,98,15
class2,S13,DRB1,225,1.0,0.31633,0.31633,98,15
class2,S13,DQB1,9,0.51923,0.50943,0.98113,53,5
class2,S13,DQB1,10,1.0,1.0,1.0,53,5
class2,S13,DQB1,11,1.0,1.0,1.0,53,5
class2,S13,DQB1,12,0.98113,0.98113,1.0,53,5
class2,S13,DQB1,13,0.5283,0.5283,1.0,53,5
class2,S13,DQB1,14,0.0,0.0,1.0,53,5
class2,S13,DQB1,15,1.0,1.0,1.0,53,5
class2,S13,DQB1,16,0.98113,0.98113,1.0,53,5
class2,S13,DQB1,17,0.98113,0.98113,1.0,53,5
class2,S13,DQB1,18,0.0,0.0,1.0,53,5
class2,S13,DQB1,19,1.0,1.0,1.0,53,5
class2,S13,DQB1,20,1.0,1.0,1.0,53,5
class2,S13,DQB1,21,0.98113,0.98113,1.0,53,5
class2,S13,DQB1,22,0.0,0.0,1.0,53,5
class2,S13,DQB1,23,1.0,1.0,1.0,53,5
class2,S13,DQB1,24,1.0,1.0,1.0,53,5
class2,S13,DQB1,25,0.84906,0.84906,1.0,53,5
class2,S13,DQB1,26,0.5283,0.5283,1.0,53,5
class2,S13,DQB1,27,0.84906,0.84906,1.0,53,5
class2,S13,DQB1,28,0.41509,0.41509,1.0,53,5
class2,S13,DQB1,29,0.98113,0.98113,1.0,53,5
class2,S13,DQB1,30,0.66038,0.66038,1.0,53,5
class2,S13,DQB1,31,0.75472,0.75472,1.0,53,5
class2,S13,DQB1,32,1.0,1.0,1.0,53,5
class2,S13,DQB1,33,1.0,1.0,1.0,53,5
class2,S13,DQB1,34,0.07547,0.07547,1.0,53,5
class2,S13,DQB1,35,1.0,1.0,1.0,53,5
class2,S13,DQB1,36,1.0,1.0,1.0,53,5
class2,S13,DQB1,37,0.33962,0.33962,1.0,53,5
class2,S13,DQB1,38,0.43396,0.43396,1.0,53,5
class2,S13,DQB1,39,1.0,1.0,1.0,53,5
class2,S13,DQB1,40,1.0,1.0,1.0,53,5
class2,S13,DQB1,41,1.0,1.0,1.0,53,5
class2,S13,DQB1,42,1.0,1.0,1.0,53,5
class2,S13,DQB1,43,0.92453,0.92453,1.0,53,5
class2,S13,DQB1,44,0.84906,0.84906,1.0,53,5
class2,S13,DQB1,45,1.0,1.0,1.0,53,5
class2,S13,DQB1,46,0.18868,0.18868,1.0,53,5
class2,S13,DQB1,47,0.83019,0.83019,1.0,53,5
class2,S13,DQB1,48,0.96226,0.96226,1.0,53,5
class2,S13,DQB1,49,1.0,1.0,1.0,53,5
class2,S13,DQB1,50,1.0,1.0,1.0,53,5
class2,S13,DQB1,51,1.0,1.0,1.0,53,5
class2,S13,DQB1,52,0.79245,0.79245,1.0,53,5
class2,S13,DQB1,53,0.98113,0.98113,1.0,53,5
class2,S13,DQB1,54,1.0,1.0,1.0,53,5
class2,S13,DQB1,55,0.03774,0.03774,1.0,53,5
class2,S13,DQB1,56,1.0,1.0,1.0,53,5
class2,S13,DQB1,57,0.58491,0.58491,1.0,53,5
class2,S13,DQB1,58,1.0,1.0,1.0,53,5
class2,S13,DQB1,59,0.0,0.0,1.0,53,5
class2,S13,DQB1,60,0.79245,0.79245,1.0,53,5
class2,S13,DQB1,61,0.86792,0.86792,1.0,53,5
class2,S13,DQB1,62,1.0,1.0,1.0,53,5
class2,S13,DQB1,63,0.35849,0.35849,1.0,53,5
class2,S13,DQB1,64,0.98113,0.98113,1.0,53,5
class2,S13,DQB1,65,1.0,1.0,1.0,53,5
class2,S13,DQB1,66,0.45283,0.45283,1.0,53,5
class2,S13,DQB1,67,0.45283,0.45283,1.0,53,5
class2,S13,DQB1,68,0.98113,0.98113,1.0,53,5
class2,S13,DQB1,69,1.0,1.0,1.0,53,5
class2,S13,DQB1,70,0.0,0.0,1.0,53,5
class2,S13,DQB1,71,0.62264,0.62264,1.0,53,5
class2,S13,DQB1,72,1.0,1.0,1.0,53,5
class2,S13,DQB1,73,1.0,1.0,1.0,53,5
class2,S13,DQB1,74,0.81132,0.81132,1.0,53,5
class2,S13,DQB1,75,0.92453,0.92453,1.0,53,5
class2,S13,DQB1,76,1.0,1.0,1.0,53,5
class2,S13,DQB1,77,0.86792,0.86792,1.0,53,5
class2,S13,DQB1,78,1.0,1.0,1.0,53,5
class2,S13,DQB1,79,1.0,1.0,1.0,53,5
class2,S13,DQB1,80,0.0,0.0,1.0,53,5
class2,S13,DQB1,81,1.0,1.0,1.0,53,5
class2,S13,DQB1,82,1.0,1.0,1.0,53,5
class2,S13,DQB1,83,1.0,1.0,1.0,53,5
class2,S13,DQB1,84,0.98113,0.98113,1.0,53,5
class2,S13,DQB1,85,0.0,0.0,1.0,53,5
class2,S13,DQB1,86,0.9434,0.9434,1.0,53,5
class2,S13,DQB1,87,0.0,0.0,1.0,53,5
class2,S13,DQB1,88,0.0,0.0,1.0,53,5
class2,S13,DQB1,89,0.96226,0.96226,1.0,53,5
class2,S13,DQB1,90,0.98,0.92453,0.9434,53,5
class2,S13,DQB1,91,1.0,0.90566,0.90566,53,5
class2,S13,DQB1,92,1.0,0.90566,0.90566,53,5
class2,S13,DQB1,93,1.0,0.86792,0.86792,53,5
class2,S13,DQB1,94,1.0,0.84906,0.84906,53,5
class2,S13,DQB1,95,1.0,0.62264,0.62264,53,5
class2,S13,DQB1,96,0.0303,0.01887,0.62264,53,5
class2,S13,DQB1,97,1.0,0.62264,0.62264,53,5
class2,S13,DQB1,98,1.0,0.62264,0.62264,53,5
class2,S13,DQB1,99,1.0,0.62264,0.62264,53,5
class2,S13,DQB1,100,1.0,0.62264,0.62264,53,5
class2,S13,DQB1,101,1.0,0.62264,0.62264,53,5
class2,S13,DQB1,102,1.0,0.62264,0.62264,53,5
class2,S13,DQB1,103,1.0,0.56604,0.56604,53,5
class2,S13,DQB1,104,1.0,0.56604,0.56604,53,5
class2,S13,DQB1,105,0.0,0.0,0.56604,53,5
class2,S13,DQB1,106,0.0,0.0,0.56604,53,5
class2,S13,DQB1,107,1.0,0.56604,0.56604,53,5
class2,S13,DQB1,108,1.0,0.56604,0.56604,53,5
class2,S13,DQB1,109,1.0,0.56604,0.56604,53,5
class2,S13,DQB1,110,1.0,0.56604,0.56604,53,5
class2,S13,DQB1,111,1.0,0.56604,0.56604,53,5
class2,S13,DQB1,112,1.0,0.56604,0.56604,53,5
class2,S13,DQB1,113,1.0,0.56604,0.56604,53,5
class2,S13,DQB1,114,1.0,0.56604,0.56604,53,5
class2,S13,DQB1,115,1.0,0.56604,0.56604,53,5
class2,S13,DQB1,116,1.0,0.54717,0.54717,53,5
class2,S13,DQB1,117,1.0,0.54717,0.54717,53,5
class2,S13,DQB1,118,0.0,0.0,0.54717,53,5
class2,S13,DQB1,119,1.0,0.54717,0.54717,53,5
class2,S13,DQB1,120,1.0,0.54717,0.54717,53,5
class2,S13,DQB1,121,1.0,0.54717,0.54717,53,5
class2,S13,DQB1,122,1.0,0.54717,0.54717,53,5
class2,S13,DQB1,123,1.0,0.54717,0.54717,53,5
class2,S13,DQB1,124,1.0,0.54717,0.54717,53,5
class2,S13,DQB1,125,0.0,0.0,0.54717,53,5
class2,S13,DQB1,126,1.0,0.54717,0.54717,53,5
class2,S13,DQB1,127,0.0,0.0,0.54717,53,5
class2,S13,DQB1,128,1.0,0.54717,0.54717,53,5
class2,S13,DQB1,129,1.0,0.54717,0.54717,53,5
class2,S13,DQB1,130,0.0,0.0,0.54717,53,5
class2,S13,DQB1,131,1.0,0.54717,0.54717,53,5
class2,S13,DQB1,132,1.0,0.54717,0.54717,53,5
class2,S13,DQB1,133,1.0,0.54717,0.54717,53,5
class2,S13,DQB1,134,1.0,0.54717,0.54717,53,5
class2,S13,DQB1,135,0.17241,0.09434,0.54717,53,5
class2,S13,DQB1,136,1.0,0.54717,0.54717,53,5
class2,S13,DQB1,137,1.0,0.54717,0.54717,53,5
class2,S13,DQB1,138,1.0,0.54717,0.54717,53,5
class2,S13,DQB1,139,1.0,0.54717,0.54717,53,5
class2,S13,DQB1,140,0.17241,0.09434,0.54717,53,5
class2,S13,DQB1,141,1.0,0.54717,0.54717,53,5
class2,S13,DQB1,142,1.0,0.54717,0.54717,53,5
class2,S13,DQB1,143,1.0,0.54717,0.54717,53,5
class2,S13,DQB1,144,1.0,0.54717,0.54717,53,5
class2,S13,DQB1,145,1.0,0.54717,0.54717,53,5
class2,S13,DQB1,146,1.0,0.54717,0.54717,53,5
class2,S13,DQB1,147,1.0,0.54717,0.54717,53,5
class2,S13,DQB1,148,1.0,0.54717,0.54717,53,5
class2,S13,DQB1,149,1.0,0.54717,0.54717,53,5
class2,S13,DQB1,150,1.0,0.54717,0.54717,53,5
class2,S13,DQB1,151,1.0,0.54717,0.54717,53,5
class2,S13,DQB1,152,1.0,0.54717,0.54717,53,5
class2,S13,DQB1,153,1.0,0.54717,0.54717,53,5
class2,S13,DQB1,154,1.0,0.54717,0.54717,53,5
class2,S13,DQB1,155,0.0,0.0,0.54717,53,5
class2,S13,DQB1,156,1.0,0.54717,0.54717,53,5
class2,S13,DQB1,157,0.0,0.0,0.54717,53,5
class2,S13,DQB1,158,1.0,0.54717,0.54717,53,5
class2,S13,DQB1,159,1.0,0.54717,0.54717,53,5
class2,S13,DQB1,160,1.0,0.54717,0.54717,53,5
class2,S13,DQB1,161,1.0,0.54717,0.54717,53,5
class2,S13,DQB1,162,1.0,0.54717,0.54717,53,5
class2,S13,DQB1,163,1.0,0.54717,0.54717,53,5
class2,S13,DQB1,164,0.0,0.0,0.54717,53,5
class2,S13,DQB1,165,0.0,0.0,0.54717,53,5
class2,S13,DQB1,166,1.0,0.54717,0.54717,53,5
class2,S13,DQB1,167,1.0,0.54717,0.54717,53,5
class2,S13,DQB1,168,1.0,0.54717,0.54717,53,5
class2,S13,DQB1,169,1.0,0.54717,0.54717,53,5
class2,S13,DQB1,170,1.0,0.54717,0.54717,53,5
class2,S13,DQB1,171,1.0,0.54717,0.54717,53,5
class2,S13,DQB1,172,1.0,0.54717,0.54717,53,5
class2,S13,DQB1,173,1.0,0.54717,0.54717,53,5
class2,S13,DQB1,174,0.0,0.0,0.54717,53,5
class2,S13,DQB1,175,1.0,0.54717,0.54717,53,5
class2,S13,DQB1,176,1.0,0.54717,0.54717,53,5
class2,S13,DQB1,177,1.0,0.54717,0.54717,53,5
class2,S13,DQB1,178,0.0,0.0,0.54717,53,5
class2,S13,DQB1,179,1.0,0.54717,0.54717,53,5
class2,S13,DQB1,180,1.0,0.54717,0.54717,53,5
class2,S13,DQB1,181,1.0,0.54717,0.54717,53,5
class2,S13,DQB1,182,0.27586,0.15094,0.54717,53,5
class2,S13,DQB1,183,1.0,0.54717,0.54717,53,5
class2,S13,DQB1,184,1.0,0.54717,0.54717,53,5
class2,S13,DQB1,185,0.0,0.0,0.54717,53,5
class2,S13,DQB1,186,1.0,0.54717,0.54717,53,5
class2,S13,DQB1,187,1.0,0.54717,0.54717,53,5
class2,S13,DQB1,188,1.0,0.54717,0.54717,53,5
class2,S13,DQB1,189,1.0,0.54717,0.54717,53,5
class2,S13,DQB1,190,1.0,0.54717,0.54717,53,5
class2,S13,DQB1,191,1.0,0.54717,0.54717,53,5
class2,S13,DQB1,192,1.0,0.54717,0.54717,53,5
class2,S13,DQB1,193,1.0,0.54717,0.54717,53,5
class2,S13,DQB1,194,1.0,0.54717,0.54717,53,5
class2,S13,DQB1,195,1.0,0.54717,0.54717,53,5
class2,S13,DQB1,196,1.0,0.54717,0.54717,53,5
class2,S13,DQB1,197,1.0,0.54717,0.54717,53,5
class2,S13,DQB1,198,1.0,0.54717,0.54717,53,5
class2,S13,DQB1,199,1.0,0.54717,0.54717,53,5
class2,S13,DQB1,200,1.0,0.54717,0.54717,53,5
class2,S13,DQB1,201,1.0,0.54717,0.54717,53,5
class2,S13,DQB1,202,1.0,0.54717,0.54717,53,5
class2,S13,DQB1,203,0.0,0.0,0.54717,53,5
class2,S13,DQB1,204,1.0,0.54717,0.54717,53,5
class2,S13,DQB1,205,1.0,0.54717,0.54717,53,5
class2,S13,DQB1,206,1.0,0.54717,0.54717,53,5
class2,S13,DQB1,207,1.0,0.54717,0.54717,53,5
class2,S13,DQB1,208,1.0,0.54717,0.54717,53,5
class2,S13,DQB1,209,1.0,0.54717,0.54717,53,5
class2,S13,DQB1,210,1.0,0.54717,0.54717,53,5
class2,S13,DQB1,211,1.0,0.54717,0.54717,53,5
class2,S13,DQB1,212,1.0,0.54717,0.54717,53,5
class2,S13,DQB1,213,1.0,0.54717,0.54717,53,5
class2,S13,DQB1,214,1.0,0.54717,0.54717,53,5
class2,S13,DQB1,215,1.0,0.54717,0.54717,53,5
class2,S13,DQB1,216,1.0,0.54717,0.54717,53,5
class2,S13,DQB1,217,1.0,0.54717,0.54717,53,5
class2,S13,DQB1,218,0.0,0.0,0.54717,53,5
class2,S13,DQB1,219,1.0,0.54717,0.54717,53,5
class2,S13,DQB1,220,0.17241,0.09434,0.54717,53,5
class2,S13,DQB1,221,1.0,0.54717,0.54717,53,5
class2,S13,DQB1,222,1.0,0.54717,0.54717,53,5
class2,S13,DQB1,223,1.0,0.54717,0.54717,53,5
class2,S13,DQB1,224,1.0,0.54717,0.54717,53,5
class2,S13,DQB1,225,1.0,0.54717,0.54717,53,5
