final_figure,figure_as_submitted,panel,panel_name,mhc_class,hla_allele,sla_allele,hla_declared,sla_declared,hla_match,sla_match,predictor,chain,hla_model_file,sla_model_file,hla_model_sha256,sla_model_sha256,rmsd_method,placement_method,alignment_selection,displayed_selection,camera_framing,confidence_filtering,rmsd_adopted,n_substituted_positions,n_callouts,ce_rmsd_as_placed,ce_aligned_ca_pairs,ce_rmsd_after_camera_move,ce_alignment_preserved,n_hla_ca_whole_chain,n_sla_ca_whole_chain,coverage_of_hla_chain_ca,coverage_of_sla_chain_ca,coverage_denominator,rmsd_matches_adopted
Figure 5,3,A,class1_A,class1,A*02:01,SLA-1*02:01,A*02:01,SLA-1*02:01,exact,exact,"ColabFold (AlphaFold2, monomer)",A,HLA_A02_A_02_01_unrelaxed_rank_001_alphafold2_ptm_model_1_seed_000.pdb,SLA_A02_SLA-1_02_01_unrelaxed_rank_001_alphafold2_ptm_model_1_seed_000.pdb,4920cc35c6e80211ee849e4c6cf6978817e80838ec5300672a23ceedaf6c5f86,df3003498316e110120830a97b76255539e83245a80017850cadba34e131b7f1,"cmd.cealign (CE structural alignment, Calpha only, no outlier rejection)","the same cmd.cealign transform is used to PLACE the pair in the panel, so the picture and the reported RMSD are the same superposition",chain A and polymer (whole modelled chain),resi 1-275,"orient ref resi 1-180; zoom ref resi 1-275, 2",none - no residue was excluded from the alignment on a confidence criterion,2.681,86,9,2.6809,304,2.6809,True,308,305,0.987,0.9967,"aligned Ca pairs / total Ca of the whole modelled chain A, which is wider than the displayed region",True
Figure 5,3,B,class1_B,class1,A*03:01,SLA-2*01:02,A*03:01,SLA-2*01:02,exact,exact,"ColabFold (AlphaFold2, monomer)",A,HLA_A03_A_03_01_unrelaxed_rank_001_alphafold2_ptm_model_1_seed_000.pdb,SLA_A03_SLA-2_01_02_unrelaxed_rank_001_alphafold2_ptm_model_1_seed_000.pdb,c1f1cf86c2deaa61b4c3d0ac55ae9cb138830be7142d9df7542dd016635835fe,4d3b97dcdbe5ec0d8cc45851de092ff7c5b21595e7fc12dab6dba11621cac6f0,"cmd.cealign (CE structural alignment, Calpha only, no outlier rejection)","the same cmd.cealign transform is used to PLACE the pair in the panel, so the picture and the reported RMSD are the same superposition",chain A and polymer (whole modelled chain),resi 1-275,"orient ref resi 1-180; zoom ref resi 1-275, 2",none - no residue was excluded from the alignment on a confidence criterion,3.782,67,8,3.7822,304,3.7822,True,308,305,0.987,0.9967,"aligned Ca pairs / total Ca of the whole modelled chain A, which is wider than the displayed region",True
Figure 5,3,C,class1_C,class1,B*08:01,SLA-3*01:01,B*08:01,SLA-3*01:01,exact,exact,"ColabFold (AlphaFold2, monomer)",A,HLA_B08_B_08_01_unrelaxed_rank_001_alphafold2_ptm_model_1_seed_000.pdb,SLA_B08_SLA-3_01_01_unrelaxed_rank_001_alphafold2_ptm_model_1_seed_000.pdb,2586504c537c6d097eb979ce4cfa8874986f0c672a6e30fbfdfb741f3e046c6f,15072ad1dc1c04c02eb9b3011f055b07cc983c7abdf4f768405d364c76bed7c6,"cmd.cealign (CE structural alignment, Calpha only, no outlier rejection)","the same cmd.cealign transform is used to PLACE the pair in the panel, so the picture and the reported RMSD are the same superposition",chain A and polymer (whole modelled chain),resi 1-275,"orient ref resi 1-180; zoom ref resi 1-275, 2",none - no residue was excluded from the alignment on a confidence criterion,2.738,74,8,2.7378,304,2.7378,True,306,304,0.9935,1.0,"aligned Ca pairs / total Ca of the whole modelled chain A, which is wider than the displayed region",True
Figure 5,3,D,class1_D,class1,B*15:01,SLA-1*01:01,B*15:01,SLA-1*01:01,exact,exact,"ColabFold (AlphaFold2, monomer)",A,HLA_B15_B_15_01_unrelaxed_rank_001_alphafold2_ptm_model_1_seed_000.pdb,SLA_B15_SLA-1_01_01_unrelaxed_rank_001_alphafold2_ptm_model_1_seed_000.pdb,b829082371e162976100b04d945aacbc2e275300ef47eca3f2ddc6cd97251dbd,1c964e9d05884bcc8be8bfafa2f3251ff814c98bda28e97f4fb797f586edc97e,"cmd.cealign (CE structural alignment, Calpha only, no outlier rejection)","the same cmd.cealign transform is used to PLACE the pair in the panel, so the picture and the reported RMSD are the same superposition",chain A and polymer (whole modelled chain),resi 1-275,"orient ref resi 1-180; zoom ref resi 1-275, 2",none - no residue was excluded from the alignment on a confidence criterion,2.966,79,8,2.9655,304,2.9655,True,307,304,0.9902,1.0,"aligned Ca pairs / total Ca of the whole modelled chain A, which is wider than the displayed region",True
Figure 5,3,E,class1_E,class1,B*57:01,SLA-2*01:01,B*57:01,SLA-2*01:01,exact,exact,"ColabFold (AlphaFold2, monomer)",A,HLA_B57_B_57_01_unrelaxed_rank_001_alphafold2_ptm_model_1_seed_000.pdb,SLA_B57_SLA-2_01_01_unrelaxed_rank_001_alphafold2_ptm_model_1_seed_000.pdb,779180b98dc86ce7573884ccf16b0ebac0dfc70f2ca2175c8113c000f7e367b5,4ef6c0e3137ce15c7eef978444a3cdfdc8c6a57f4680a6e547a2c9f73f7443c5,"cmd.cealign (CE structural alignment, Calpha only, no outlier rejection)","the same cmd.cealign transform is used to PLACE the pair in the panel, so the picture and the reported RMSD are the same superposition",chain A and polymer (whole modelled chain),resi 1-275,"orient ref resi 1-180; zoom ref resi 1-275, 2",none - no residue was excluded from the alignment on a confidence criterion,2.413,77,8,2.4128,304,2.4128,True,307,304,0.9902,1.0,"aligned Ca pairs / total Ca of the whole modelled chain A, which is wider than the displayed region",True
Figure 5,3,F,class1_F,class1,C*07:02,SLA-3*06:01,C*07:02,SLA-3*06:01,exact,exact,"ColabFold (AlphaFold2, monomer)",A,HLA_C07_C_07_02_unrelaxed_rank_001_alphafold2_ptm_model_1_seed_000.pdb,SLA_C07_SLA-3_06_01_unrelaxed_rank_001_alphafold2_ptm_model_1_seed_000.pdb,3b82887c61b0f4639a4998b7b53aa7a5d5a0a07f754e11c448ae1523e759981f,22e199ccf66db8ef2393732d3debcfcd7ba448f814c01abfd65a436477b9444e,"cmd.cealign (CE structural alignment, Calpha only, no outlier rejection)","the same cmd.cealign transform is used to PLACE the pair in the panel, so the picture and the reported RMSD are the same superposition",chain A and polymer (whole modelled chain),resi 1-275,"orient ref resi 1-180; zoom ref resi 1-275, 2",none - no residue was excluded from the alignment on a confidence criterion,2.638,76,8,2.638,296,2.638,True,307,303,0.9642,0.9769,"aligned Ca pairs / total Ca of the whole modelled chain A, which is wider than the displayed region",True
Figure 6,4,A,class2_A,class2,DRB1*01:02,SLA-DRB1*01:01,DRB1*01:02,SLA-DRB1*01:01,exact,exact,"ColabFold (AlphaFold2, monomer)",A,HLA_DRB101_DRB1_01_02_unrelaxed_rank_001_alphafold2_ptm_model_1_seed_000.pdb,SLA_DRB101_SLA-DRB1_01_01_unrelaxed_rank_001_alphafold2_ptm_model_1_seed_000.pdb,088ea4e045f18c8a91a591a8ef06a44583ebfe595bcb7e58b65084c1e4e86d00,8ed961e0e5f0f8852f431624205958c38a1781ef437e3f17b5437ddbe81b2f8f,"cmd.cealign (CE structural alignment, Calpha only, no outlier rejection)","the same cmd.cealign transform is used to PLACE the pair in the panel, so the picture and the reported RMSD are the same superposition",chain A and polymer (whole modelled chain),resi 1-190,"orient ref resi 1-90; zoom ref resi 1-190, 2",none - no residue was excluded from the alignment on a confidence criterion,3.102,39,9,3.1015,200,3.1015,True,215,215,0.9302,0.9302,"aligned Ca pairs / total Ca of the whole modelled chain A, which is wider than the displayed region",True
Figure 6,4,B,class2_B,class2,DRB1*11:04,SLA-DRB1*04:02,DRB1*11:04,SLA-DRB1*04:02,exact,exact,"ColabFold (AlphaFold2, monomer)",A,HLA_DRB111_DRB1_11_04_unrelaxed_rank_001_alphafold2_ptm_model_1_seed_000.pdb,SLA_DRB111_SLA-DRB1_04_02_unrelaxed_rank_001_alphafold2_ptm_model_1_seed_000.pdb,38785a69a61ddd4355735600e2460f57a52bb64cf848642e7b10e93d9fa0e308,bb1bd0bae7fa664a672531325de01086a9b909dc478f89498ef6f2eea8c51ea6,"cmd.cealign (CE structural alignment, Calpha only, no outlier rejection)","the same cmd.cealign transform is used to PLACE the pair in the panel, so the picture and the reported RMSD are the same superposition",chain A and polymer (whole modelled chain),resi 1-190,"orient ref resi 1-90; zoom ref resi 1-190, 2",none - no residue was excluded from the alignment on a confidence criterion,3.374,46,8,3.3739,200,3.3739,True,215,215,0.9302,0.9302,"aligned Ca pairs / total Ca of the whole modelled chain A, which is wider than the displayed region",True
Figure 6,4,C,class2_C,class2,DQB1*02:02,SLA-DQB1*02:02,DQB1*02:02,SLA-DQB1*02:02,exact,exact,"ColabFold (AlphaFold2, monomer)",A,HLA_DQB102_DQB1_02_02_unrelaxed_rank_001_alphafold2_ptm_model_1_seed_000.pdb,SLA_DQB102_SLA-DQB1_02_02_unrelaxed_rank_001_alphafold2_ptm_model_1_seed_000.pdb,0162049a8616fc6808aea7f3227275fbc1a4f786a9b265975fe4caf14ef9c134,bdf1fc9ee051281acdd044be6e9926cabcf8da21f533cf6c88d2dc25bda8dd06,"cmd.cealign (CE structural alignment, Calpha only, no outlier rejection)","the same cmd.cealign transform is used to PLACE the pair in the panel, so the picture and the reported RMSD are the same superposition",chain A and polymer (whole modelled chain),resi 1-190,"orient ref resi 1-90; zoom ref resi 1-190, 2",none - no residue was excluded from the alignment on a confidence criterion,1.44,40,8,1.44,208,1.44,True,215,215,0.9674,0.9674,"aligned Ca pairs / total Ca of the whole modelled chain A, which is wider than the displayed region",True
